time_minutes,Collector_Emitter_Voltage_Vce,Leakage_Current_Ic
0,550.527,3.879223e-06
30,551.0286,3.882001e-06
60,551.5306,3.886619e-06
90,552.032,3.891832e-06
120,552.5338,3.897267e-06
150,553.0343,3.902897e-06
180,553.5345,3.908669e-06
210,554.0379,3.914584e-06
240,554.5391,3.920537e-06
270,555.0785,3.926952e-06
300,555.579,3.93285e-06
330,556.0807,3.938827e-06
360,556.5816,3.944866e-06
390,557.0821,3.950867e-06
420,557.5836,3.957002e-06
450,558.0851,3.963037e-06
480,558.5867,3.969109e-06
510,559.0883,3.975225e-06
540,559.5887,3.981398e-06
570,560.0925,3.98756e-06
600,560.5929,3.993614e-06
630,561.0963,3.999717e-06
660,561.5959,4.005916e-06
690,562.0972,4.0121e-06
720,562.5787,4.018012e-06
750,563.0804,4.024241e-06
780,563.5823,4.030433e-06
810,564.0815,4.036586e-06
840,564.5848,4.042672e-06
870,565.1434,4.049697e-06
900,565.6437,4.055922e-06
930,566.1438,4.062126e-06
960,566.6465,4.068272e-06
990,567.1432,4.074416e-06
1020,567.6262,4.080428e-06
1050,568.1264,4.08678e-06
1080,568.6278,4.092963e-06
1110,569.1295,4.099327e-06
1140,569.6328,4.105548e-06
1170,570.1342,4.111756e-06
1200,570.6354,4.118089e-06
1230,571.1387,4.124503e-06
1260,571.6376,4.130791e-06
1290,572.1387,4.137177e-06
1320,572.6406,4.143416e-06
1350,573.1418,4.149698e-06
1380,573.6425,4.156002e-06
1410,574.1461,4.16244e-06
1440,574.6464,4.168924e-06
1470,575.1855,4.175757e-06
1500,575.6842,4.181991e-06
1530,576.1892,4.188395e-06
1560,576.6882,4.194914e-06
1590,577.189,4.201277e-06
1620,577.6929,4.207702e-06
1650,578.192,4.214084e-06
1680,578.695,4.220515e-06
1710,579.1948,4.226791e-06
1740,579.6975,4.233348e-06
1770,580.1788,4.239541e-06
1800,580.6816,4.246098e-06
1830,581.1823,4.252507e-06
1860,581.6827,4.258891e-06
1890,582.184,4.265426e-06
1920,582.6852,4.271968e-06
1950,583.1882,4.278476e-06
1980,583.6903,4.284993e-06
2010,584.19,4.291417e-06
2040,584.6917,4.297893e-06
2070,585.2297,4.305068e-06
2100,585.7319,4.31166e-06
2130,586.2339,4.318266e-06
2160,586.7348,4.324687e-06
2190,587.2368,4.331223e-06
2220,587.739,4.337854e-06
2250,588.2396,4.34452e-06
2280,588.7416,4.351102e-06
2310,589.2435,4.357758e-06
2340,589.7446,4.364342e-06
2370,590.2452,4.370989e-06
2400,590.7471,4.377524e-06
2430,591.2471,4.384244e-06
2460,591.7502,4.390949e-06
2490,592.2506,4.397575e-06
2520,592.7325,4.403918e-06
2550,593.2355,4.410625e-06
2580,593.7361,4.417287e-06
2610,594.2371,4.424038e-06
2640,594.7388,4.430483e-06
2670,595.295,4.43836e-06
2700,595.7967,4.444899e-06
2730,596.2982,4.45148e-06
2760,596.7991,4.458293e-06
2790,597.3011,4.465144e-06
2820,597.7827,4.471638e-06
2850,598.2845,4.478391e-06
2880,598.7875,4.485141e-06
2910,599.2881,4.491921e-06
2940,599.7891,4.498746e-06
2970,600.289,4.505604e-06
3000,600.7917,4.512478e-06
3030,601.2916,4.519197e-06
3060,601.795,4.526085e-06
3090,602.2962,4.532809e-06
3120,602.796,4.539832e-06
3150,603.2984,4.546655e-06
3180,603.8008,4.553577e-06
3210,604.301,4.560405e-06
3240,604.8026,4.567244e-06
3270,605.3416,4.574725e-06
3300,605.8412,4.58163e-06
3330,606.3449,4.58859e-06
3360,606.8454,4.595599e-06
3390,607.3441,4.602461e-06
3420,607.8482,4.609457e-06
3450,608.3489,4.616518e-06
3480,608.8511,4.623532e-06
3510,609.3531,4.630466e-06
3540,609.8533,4.637391e-06
3570,610.3362,4.644302e-06
3600,610.8357,4.651284e-06
3630,611.338,4.6584e-06
3660,611.8395,4.665595e-06
3690,612.341,4.672719e-06
3720,612.8424,4.679688e-06
3750,613.3423,4.686743e-06
3780,613.8441,4.693955e-06
3810,614.3448,4.701197e-06
3840,614.8484,4.708363e-06
3870,615.4032,4.716358e-06
3900,615.8861,4.723216e-06
3930,616.3876,4.730305e-06
3960,616.8895,4.737594e-06
3990,617.3922,4.74486e-06
4020,617.892,4.752178e-06
4050,618.392,4.759337e-06
4080,618.8936,4.766577e-06
4110,619.3936,4.773784e-06
4140,619.8948,4.781152e-06
4170,620.3962,4.788484e-06
4200,620.8977,4.795722e-06
4230,621.399,4.80308e-06
4260,621.9014,4.810423e-06
4290,622.403,4.817782e-06
4320,622.9038,4.8252e-06
4350,623.3862,4.832309e-06
4380,623.8881,4.839704e-06
4410,624.3887,4.847129e-06
4440,624.8912,4.854479e-06
4470,625.4485,4.862835e-06
4500,625.9477,4.87024e-06
4530,626.45,4.877734e-06
4560,626.9512,4.885306e-06
4590,627.4526,4.892786e-06
4620,627.9532,4.900212e-06
4650,628.4372,4.907593e-06
4680,628.9359,4.91521e-06
4710,629.4388,4.922907e-06
4740,629.9381,4.930448e-06
4770,630.4405,4.938075e-06
4800,630.9419,4.945725e-06
4830,631.4443,4.953473e-06
4860,631.9457,4.961156e-06
4890,632.4463,4.968898e-06
4920,632.9485,4.976655e-06
4950,633.4481,4.984316e-06
4980,633.9486,4.992074e-06
5010,634.4528,5.000059e-06
5040,634.9523,5.007888e-06
5070,635.4915,5.016316e-06
5100,635.9937,5.024134e-06
5130,636.4922,5.03207e-06
5160,636.9936,5.040014e-06
5190,637.496,5.048064e-06
5220,637.9973,5.056129e-06
5250,638.4981,5.064189e-06
5280,638.9971,5.072077e-06
5310,639.4994,5.080138e-06
5340,639.9996,5.088351e-06
5370,640.5021,5.096659e-06
5400,640.9841,5.104555e-06
5430,641.486,5.112807e-06
5460,641.9874,5.1211e-06
5490,642.4874,5.129373e-06
5520,642.9865,5.13775e-06
5550,643.4865,5.146191e-06
5580,643.9896,5.154782e-06
5610,644.4894,5.16329e-06
5640,644.9914,5.1718e-06
5670,645.5478,5.18136e-06
5700,646.0325,5.189829e-06
5730,646.5321,5.19861e-06
5760,647.0339,5.207455e-06
5790,647.5359,5.216448e-06
5820,648.0355,5.225422e-06
5850,648.538,5.234463e-06
5880,649.0392,5.243719e-06
5910,649.5394,5.253011e-06
5940,650.0396,5.262436e-06
5970,550.5289,3.959921e-06
6000,551.0309,3.962961e-06
6030,551.5323,3.967689e-06
6060,552.0328,3.973115e-06
6090,552.5341,3.978801e-06
6120,553.0358,3.984673e-06
6150,553.535,3.990525e-06
6180,554.0375,3.996513e-06
6210,554.5374,4.002513e-06
6240,555.0778,4.009167e-06
6270,555.5789,4.015267e-06
6300,556.0809,4.021458e-06
6330,556.5808,4.027663e-06
6360,557.0842,4.033789e-06
6390,557.5823,4.039875e-06
6420,558.0836,4.046124e-06
6450,558.5878,4.052451e-06
6480,559.0886,4.058712e-06
6510,559.5907,4.064882e-06
6540,560.0909,4.071085e-06
6570,560.593,4.077307e-06
6600,561.0946,4.083665e-06
6630,561.5976,4.089931e-06
6660,562.0978,4.096278e-06
6690,562.5799,4.102283e-06
6720,563.0808,4.108518e-06
6750,563.5814,4.114832e-06
6780,564.0829,4.121304e-06
6810,564.5861,4.127696e-06
6840,565.143,4.134748e-06
6870,565.6426,4.140919e-06
6900,566.1447,4.147303e-06
6930,566.6475,4.153791e-06
6960,567.1432,4.160166e-06
6990,567.6255,4.166322e-06
7020,568.1281,4.172679e-06
7050,568.6282,4.179064e-06
7080,569.1307,4.185384e-06
7110,569.633,4.19201e-06
7140,570.1345,4.198457e-06
7170,570.6357,4.204914e-06
7200,571.1374,4.211326e-06
7230,571.6381,4.217834e-06
7260,572.1372,4.224245e-06
7290,572.6409,4.230781e-06
7320,573.1412,4.237321e-06
7350,573.6435,4.243824e-06
7380,574.1478,4.250282e-06
7410,574.6454,4.25674e-06
7440,575.1851,4.26383e-06
7470,575.6853,4.270321e-06
7500,576.1888,4.276947e-06
7530,576.6885,4.283336e-06
7560,577.1902,4.289896e-06
7590,577.6917,4.296485e-06
7620,578.1939,4.303117e-06
7650,578.6949,4.309694e-06
7680,579.1964,4.316226e-06
7710,579.6971,4.322732e-06
7740,580.1786,4.329117e-06
7770,580.6818,4.335746e-06
7800,581.1819,4.34251e-06
7830,581.684,4.349128e-06
7860,582.1852,4.355799e-06
7890,582.6873,4.362427e-06
7920,583.187,4.369039e-06
7950,583.6894,4.375745e-06
7980,584.1918,4.382428e-06
8010,584.6925,4.389228e-06
8040,585.2307,4.396402e-06
8070,585.7326,4.403072e-06
8100,586.2344,4.409787e-06
8130,586.7367,4.416484e-06
8160,587.2382,4.423281e-06
8190,587.7386,4.43005e-06
8220,588.2392,4.436789e-06
8250,588.7405,4.443575e-06
8280,589.2441,4.450298e-06
8310,589.7446,4.457128e-06
8340,590.247,4.463923e-06
8370,590.7468,4.470749e-06
8400,591.248,4.477531e-06
8430,591.7487,4.484233e-06
8460,592.2503,4.491088e-06
8490,592.7327,4.497669e-06
8520,593.2352,4.504592e-06
8550,593.7367,4.511443e-06
8580,594.2366,4.518326e-06
8610,594.7377,4.525071e-06
8640,595.2949,4.532656e-06
8670,595.7961,4.539738e-06
8700,596.2982,4.546591e-06
8730,596.8002,4.553458e-06
8760,597.3015,4.560431e-06
8790,597.7842,4.567094e-06
8820,598.2841,4.573946e-06
8850,598.7877,4.580922e-06
8880,599.288,4.587896e-06
8910,599.7892,4.594877e-06
8940,600.29,4.601813e-06
8970,600.792,4.608716e-06
9000,601.2927,4.615633e-06
9030,601.7938,4.622691e-06
9060,602.2953,4.629748e-06
9090,602.7974,4.636708e-06
9120,603.2997,4.643711e-06
9150,603.801,4.650663e-06
9180,604.3022,4.657697e-06
9210,604.801,4.664754e-06
9240,605.3425,4.672495e-06
9270,605.8436,4.679456e-06
9300,606.3466,4.686439e-06
9330,606.8481,4.693507e-06
9360,607.3495,4.700616e-06
9390,607.849,4.707802e-06
9420,608.3522,4.7149e-06
9450,608.8527,4.722101e-06
9480,609.3536,4.729216e-06
9510,609.8539,4.736307e-06
9540,610.3361,4.743137e-06
9570,610.8383,4.750459e-06
9600,611.338,4.757674e-06
9630,611.8404,4.76488e-06
9660,612.343,4.77209e-06
9690,612.843,4.779245e-06
9720,613.3435,4.786466e-06
9750,613.8448,4.793755e-06
9780,614.3448,4.801047e-06
9810,614.8482,4.808326e-06
9840,615.4065,4.816419e-06
9870,615.8855,4.823374e-06
9900,616.3887,4.830791e-06
9930,616.8892,4.838129e-06
9960,617.392,4.845473e-06
9990,617.893,4.852794e-06
10020,618.3943,4.860149e-06
10050,618.8945,4.86748e-06
10080,619.3961,4.874931e-06
10110,619.8959,4.882364e-06
10140,620.3979,4.889842e-06
10170,620.8997,4.897145e-06
10200,621.4008,4.904544e-06
10230,621.9023,4.912037e-06
10260,622.4031,4.919644e-06
10290,622.9042,4.927115e-06
10320,623.3863,4.934348e-06
10350,623.8887,4.941905e-06
10380,624.3907,4.949438e-06
10410,624.8918,4.956948e-06
10440,625.4488,4.965422e-06
10470,625.9494,4.973078e-06
10500,626.4514,4.98072e-06
10530,626.9515,4.988264e-06
10560,627.4542,4.995885e-06
10590,627.9556,5.003463e-06
10620,628.4377,5.010996e-06
10650,628.9382,5.018714e-06
10680,629.4384,5.026446e-06
10710,629.9392,5.03415e-06
10740,630.4402,5.041792e-06
10770,630.9437,5.049634e-06
10800,631.4435,5.057437e-06
10830,631.9468,5.065445e-06
10860,632.4487,5.073264e-06
10890,632.9483,5.08106e-06
10920,633.4479,5.088979e-06
10950,633.9495,5.096879e-06
10980,634.4508,5.104927e-06
11010,634.9517,5.112997e-06
11040,635.4916,5.121574e-06
11070,635.9924,5.129478e-06
11100,636.4922,5.13742e-06
11130,636.9967,5.145771e-06
11160,637.4972,5.153825e-06
11190,637.9964,5.161997e-06
11220,638.4969,5.170178e-06
11250,638.9985,5.178392e-06
11280,639.5003,5.186594e-06
11310,640.0026,5.194979e-06
11340,640.5032,5.203337e-06
11370,640.9866,5.211387e-06
11400,641.4862,5.2197e-06
11430,641.9886,5.228109e-06
11460,642.4895,5.236654e-06
11490,642.9879,5.245185e-06
11520,643.4885,5.253708e-06
11550,643.9905,5.262341e-06
11580,644.4911,5.27107e-06
11610,644.9922,5.279714e-06
11640,645.5513,5.289584e-06
11670,646.0323,5.298141e-06
11700,646.5349,5.30713e-06
11730,647.0358,5.316002e-06
11760,647.5352,5.325011e-06
11790,648.0351,5.334252e-06
11820,648.5374,5.343561e-06
11850,649.0398,5.352878e-06
11880,649.5399,5.362404e-06
11910,650.0417,5.371833e-06
11940,550.5304,4.045838e-06
11970,551.0311,4.048902e-06
12000,551.532,4.05358e-06
12030,552.0325,4.059038e-06
12060,552.534,4.064875e-06
12090,553.0351,4.070884e-06
12120,553.5382,4.076898e-06
12150,554.0391,4.083086e-06
12180,554.5402,4.089189e-06
12210,555.08,4.095847e-06
12240,555.5812,4.102017e-06
12270,556.0819,4.10834e-06
12300,556.5841,4.114684e-06
12330,557.0846,4.12097e-06
12360,557.5855,4.127307e-06
12390,558.0869,4.133664e-06
12420,558.5874,4.13994e-06
12450,559.0903,4.146362e-06
12480,559.5911,4.15278e-06
12510,560.0919,4.159292e-06
12540,560.5951,4.1656e-06
12570,561.0975,4.171946e-06
12600,561.5969,4.178407e-06
12630,562.0975,4.184929e-06
12660,562.5801,4.191045e-06
12690,563.0833,4.197502e-06
12720,563.5843,4.203956e-06
12750,564.0827,4.210306e-06
12780,564.5868,4.216788e-06
12810,565.143,4.224132e-06
12840,565.6451,4.230601e-06
12870,566.1469,4.237152e-06
12900,566.6467,4.243519e-06
12930,567.1442,4.249996e-06
12960,567.6293,4.256258e-06
12990,568.1282,4.262883e-06
13020,568.6302,4.269396e-06
13050,569.1335,4.275959e-06
13080,569.6345,4.28252e-06
13110,570.1361,4.289004e-06
13140,570.6374,4.295527e-06
13170,571.1395,4.302249e-06
13200,571.6395,4.308919e-06
13230,572.1403,4.315544e-06
13260,572.6419,4.322102e-06
13290,573.1437,4.328726e-06
13320,573.6426,4.335322e-06
13350,574.1466,4.342025e-06
13380,574.6497,4.348683e-06
13410,575.1865,4.355895e-06
13440,575.6868,4.362508e-06
13470,576.1879,4.36907e-06
13500,576.6887,4.375772e-06
13530,577.191,4.382587e-06
13560,577.6918,4.389328e-06
13590,578.1923,4.396005e-06
13620,578.6957,4.402776e-06
13650,579.1979,4.409382e-06
13680,579.6979,4.416137e-06
13710,580.1809,4.422593e-06
13740,580.6818,4.429464e-06
13770,581.183,4.436312e-06
13800,581.6845,4.442964e-06
13830,582.187,4.449687e-06
13860,582.6869,4.456448e-06
13890,583.1876,4.46319e-06
13920,583.6904,4.470153e-06
13950,584.1928,4.476979e-06
13980,584.6929,4.483808e-06
14010,585.229,4.491005e-06
14040,585.7324,4.49791e-06
14070,586.2352,4.504663e-06
14100,586.7349,4.511603e-06
14130,587.2384,4.518475e-06
14160,587.7404,4.525396e-06
14190,588.2404,4.532305e-06
14220,588.7415,4.539137e-06
14250,589.2451,4.546008e-06
14280,589.7445,4.552953e-06
14310,590.246,4.559934e-06
14340,590.7476,4.566839e-06
14370,591.2476,4.573782e-06
14400,591.751,4.580716e-06
14430,592.2527,4.587597e-06
14460,592.7326,4.594289e-06
14490,593.2357,4.601268e-06
14520,593.7363,4.608355e-06
14550,594.2381,4.615283e-06
14580,594.741,4.622236e-06
14610,595.2965,4.63002e-06
14640,595.7974,4.637085e-06
14670,596.2994,4.644132e-06
14700,596.8014,4.65118e-06
14730,597.3029,4.658237e-06
14760,597.7858,4.665025e-06
14790,598.2869,4.672093e-06
14820,598.7878,4.679167e-06
14850,599.2917,4.686315e-06
14880,599.7917,4.693419e-06
14910,600.2923,4.700468e-06
14940,600.7923,4.707593e-06
14970,601.2944,4.714677e-06
15000,601.7974,4.721936e-06
15030,602.2969,4.729e-06
15060,602.7978,4.736246e-06
15090,603.301,4.743416e-06
15120,603.8015,4.750539e-06
15150,604.3033,4.75759e-06
15180,604.8038,4.764943e-06
15210,605.3436,4.772723e-06
15240,605.8441,4.779955e-06
15270,606.3463,4.787077e-06
15300,606.8475,4.794267e-06
15330,607.3479,4.801474e-06
15360,607.8501,4.80884e-06
15390,608.3504,4.816113e-06
15420,608.8531,4.823457e-06
15450,609.3543,4.830674e-06
15480,609.8552,4.837981e-06
15510,610.3353,4.844939e-06
15540,610.8381,4.852376e-06
15570,611.3387,4.859724e-06
15600,611.8409,4.8671e-06
15630,612.3425,4.87443e-06
15660,612.8427,4.881736e-06
15690,613.3436,4.889175e-06
15720,613.8447,4.896638e-06
15750,614.3461,4.904063e-06
15780,614.8465,4.911494e-06
15810,615.4048,4.919696e-06
15840,615.8871,4.926822e-06
15870,616.3878,4.934283e-06
15900,616.8903,4.941943e-06
15930,617.3909,4.949398e-06
15960,617.8926,4.956934e-06
15990,618.3942,4.964364e-06
16020,618.8937,4.971851e-06
16050,619.3956,4.979461e-06
16080,619.8966,4.987057e-06
16110,620.3983,4.994753e-06
16140,620.9006,5.002235e-06
16170,621.3998,5.009807e-06
16200,621.9023,5.017501e-06
16230,622.4021,5.02512e-06
16260,622.9033,5.032707e-06
16290,623.3864,5.040137e-06
16320,623.8869,5.04787e-06
16350,624.3898,5.055511e-06
16380,624.8899,5.063163e-06
16410,625.448,5.071893e-06
16440,625.9494,5.079644e-06
16470,626.4524,5.087454e-06
16500,626.9536,5.095187e-06
16530,627.4552,5.10299e-06
16560,627.9554,5.110761e-06
16590,628.4382,5.118402e-06
16620,628.9385,5.126286e-06
16650,629.439,5.134156e-06
16680,629.9428,5.142003e-06
16710,630.4405,5.149698e-06
16740,630.9424,5.157608e-06
16770,631.4449,5.16581e-06
16800,631.9469,5.173754e-06
16830,632.4487,5.181842e-06
16860,632.9489,5.189814e-06
16890,633.4499,5.197781e-06
16920,633.9492,5.205706e-06
16950,634.4523,5.213918e-06
16980,634.9545,5.222142e-06
17010,635.4922,5.23089e-06
17040,635.9948,5.238951e-06
17070,636.495,5.247162e-06
17100,636.9962,5.255351e-06
17130,637.4979,5.263677e-06
17160,637.9985,5.271952e-06
17190,638.4991,5.280394e-06
17220,639.0016,5.288677e-06
17250,639.4994,5.297052e-06
17280,640.0013,5.305411e-06
17310,640.5009,5.313935e-06
17340,640.9865,5.322164e-06
17370,641.4876,5.330665e-06
17400,641.988,5.339215e-06
17430,642.4902,5.347771e-06
17460,642.9861,5.356396e-06
17490,643.488,5.365161e-06
17520,643.9888,5.37387e-06
17550,644.4922,5.382843e-06
17580,644.9924,5.391576e-06
17610,645.5487,5.401424e-06
17640,646.0326,5.410023e-06
17670,646.5335,5.419213e-06
17700,647.0342,5.428168e-06
17730,647.5367,5.43745e-06
17760,648.0351,5.446543e-06
17790,648.5365,5.455875e-06
17820,649.0386,5.46519e-06
17850,649.5406,5.474797e-06
17880,650.0395,5.48448e-06
17910,550.5301,4.198169e-06
17940,551.0314,4.201315e-06
17970,551.5325,4.206206e-06
18000,552.033,4.211984e-06
18030,552.5336,4.218123e-06
18060,553.035,4.224315e-06
18090,553.5352,4.23062e-06
18120,554.038,4.237055e-06
18150,554.5407,4.243399e-06
18180,555.0792,4.25048e-06
18210,555.579,4.256995e-06
18240,556.0818,4.263583e-06
18270,556.5818,4.270069e-06
18300,557.084,4.276657e-06
18330,557.5838,4.283089e-06
18360,558.0847,4.289833e-06
18390,558.5886,4.29646e-06
18420,559.0905,4.303077e-06
18450,559.5891,4.309611e-06
18480,560.0916,4.316234e-06
18510,560.5934,4.32288e-06
18540,561.0958,4.329657e-06
18570,561.5957,4.336339e-06
18600,562.0968,4.342968e-06
18630,562.5787,4.349368e-06
18660,563.0809,4.356024e-06
18690,563.5826,4.362863e-06
18720,564.0851,4.36962e-06
18750,564.5853,4.376378e-06
18780,565.1437,4.383753e-06
18810,565.6432,4.390498e-06
18840,566.145,4.397216e-06
18870,566.6439,4.404041e-06
18900,567.1436,4.410894e-06
18930,567.6268,4.417365e-06
18960,568.1288,4.424151e-06
18990,568.6298,4.430819e-06
19020,569.1315,4.437674e-06
19050,569.6341,4.444602e-06
19080,570.1343,4.45142e-06
19110,570.635,4.458231e-06
19140,571.1377,4.465051e-06
19170,571.6398,4.471834e-06
19200,572.1402,4.478696e-06
19230,572.6412,4.485588e-06
19260,573.1413,4.492447e-06
19290,573.6453,4.499326e-06
19320,574.1462,4.506058e-06
19350,574.6469,4.51302e-06
19380,575.1874,4.520482e-06
19410,575.688,4.527383e-06
19440,576.1876,4.534269e-06
19470,576.6896,4.541147e-06
19500,577.1907,4.548017e-06
19530,577.692,4.555056e-06
19560,578.1934,4.562003e-06
19590,578.6951,4.568967e-06
19620,579.197,4.575936e-06
19650,579.6985,4.582776e-06
19680,580.1811,4.589514e-06
19710,580.6817,4.596638e-06
19740,581.184,4.603711e-06
19770,581.6835,4.610666e-06
19800,582.1855,4.61761e-06
19830,582.6865,4.624575e-06
19860,583.1888,4.631595e-06
19890,583.6906,4.638722e-06
19920,584.1913,4.645851e-06
19950,584.6937,4.652891e-06
19980,585.2299,4.660488e-06
20010,585.7331,4.667541e-06
20040,586.2339,4.674759e-06
20070,586.7353,4.681875e-06
20100,587.2379,4.68898e-06
20130,587.7395,4.696168e-06
20160,588.2406,4.703318e-06
20190,588.7433,4.710437e-06
20220,589.243,4.717637e-06
20250,589.7451,4.724934e-06
20280,590.2462,4.732135e-06
20310,590.7476,4.739303e-06
20340,591.2501,4.746431e-06
20370,591.7501,4.753676e-06
20400,592.2504,4.760969e-06
20430,592.7338,4.767911e-06
20460,593.2349,4.775182e-06
20490,593.7362,4.78248e-06
20520,594.2384,4.789728e-06
20550,594.7401,4.796988e-06
20580,595.2964,4.805172e-06
20610,595.7964,4.812508e-06
20640,596.2993,4.819794e-06
20670,596.8011,4.827042e-06
20700,597.3008,4.834349e-06
20730,597.7836,4.841436e-06
20760,598.2867,4.84879e-06
20790,598.7872,4.856225e-06
20820,599.288,4.863556e-06
20850,599.7905,4.87088e-06
20880,600.2914,4.878239e-06
20910,600.7901,4.885637e-06
20940,601.2924,4.893058e-06
20970,601.7953,4.900525e-06
21000,602.295,4.907829e-06
21030,602.798,4.91525e-06
21060,603.2975,4.922691e-06
21090,603.801,4.930221e-06
21120,604.3018,4.937668e-06
21150,604.8043,4.945116e-06
21180,605.3417,4.953124e-06
21210,605.8434,4.960471e-06
21240,606.3445,4.968012e-06
21270,606.8474,4.975612e-06
21300,607.3469,4.98313e-06
21330,607.8475,4.990504e-06
21360,608.3494,4.998044e-06
21390,608.8508,5.005631e-06
21420,609.3534,5.013216e-06
21450,609.8521,5.020706e-06
21480,610.3378,5.028063e-06
21510,610.8364,5.03555e-06
21540,611.3385,5.043013e-06
21570,611.8398,5.050703e-06
21600,612.341,5.058354e-06
21630,612.8446,5.065925e-06
21660,613.343,5.073492e-06
21690,613.8441,5.081043e-06
21720,614.3461,5.08874e-06
21750,614.8465,5.096533e-06
21780,615.4044,5.105064e-06
21810,615.886,5.11246e-06
21840,616.3879,5.120206e-06
21870,616.8918,5.127865e-06
21900,617.3896,5.135591e-06
21930,617.8932,5.143491e-06
21960,618.394,5.151318e-06
21990,618.895,5.159062e-06
22020,619.3958,5.166776e-06
22050,619.8964,5.174575e-06
22080,620.3972,5.18255e-06
22110,620.8981,5.190316e-06
22140,621.4012,5.198205e-06
22170,621.9019,5.206058e-06
22200,622.4025,5.21391e-06
22230,622.904,5.221711e-06
22260,623.3865,5.229461e-06
22290,623.8881,5.237432e-06
22320,624.3901,5.245347e-06
22350,624.8907,5.253247e-06
22380,625.4493,5.26218e-06
22410,625.9498,5.270096e-06
22440,626.4517,5.278232e-06
22470,626.9531,5.286331e-06
22500,627.4537,5.294414e-06
22530,627.9542,5.302424e-06
22560,628.4385,5.31017e-06
22590,628.9379,5.318257e-06
22620,629.4406,5.326521e-06
22650,629.9412,5.334784e-06
22680,630.4424,5.342887e-06
22710,630.9431,5.351064e-06
22740,631.4433,5.359229e-06
22770,631.9453,5.367523e-06
22800,632.4453,5.375834e-06
22830,632.9473,5.38421e-06
22860,633.4494,5.392527e-06
22890,633.9503,5.400803e-06
22920,634.4509,5.409116e-06
22950,634.9518,5.417597e-06
22980,635.4904,5.426657e-06
23010,635.9927,5.435098e-06
23040,636.4949,5.443525e-06
23070,636.9957,5.452076e-06
23100,637.4973,5.460502e-06
23130,637.9991,5.469153e-06
23160,638.4977,5.477715e-06
23190,638.9979,5.486337e-06
23220,639.5005,5.494995e-06
23250,639.9999,5.503592e-06
23280,640.5012,5.512354e-06
23310,640.9835,5.520783e-06
23340,641.4861,5.52962e-06
23370,641.9869,5.538462e-06
23400,642.4905,5.547397e-06
23430,642.9861,5.556222e-06
23460,643.4869,5.565096e-06
23490,643.9893,5.574278e-06
23520,644.4911,5.583439e-06
23550,644.9908,5.592563e-06
23580,645.5501,5.60276e-06
23610,646.031,5.611614e-06
23640,646.5322,5.621047e-06
23670,647.0337,5.6305e-06
23700,647.5351,5.639934e-06
23730,648.0359,5.649551e-06
23760,648.5375,5.659168e-06
23790,649.0388,5.668834e-06
23820,649.5425,5.67877e-06
23850,650.042,5.688763e-06
23880,550.5305,4.422694e-06
23910,551.0312,4.426087e-06
23940,551.5328,4.431284e-06
23970,552.0329,4.437159e-06
24000,552.5346,4.443317e-06
24030,553.0338,4.449723e-06
24060,553.5378,4.456235e-06
24090,554.0388,4.462798e-06
24120,554.5393,4.469421e-06
24150,555.0797,4.476494e-06
24180,555.58,4.483031e-06
24210,556.0813,4.489837e-06
24240,556.5817,4.49654e-06
24270,557.0845,4.503346e-06
24300,557.5847,4.510096e-06
24330,558.0852,4.516844e-06
24360,558.5875,4.523507e-06
24390,559.0886,4.530341e-06
24420,559.5917,4.537242e-06
24450,560.0933,4.544109e-06
24480,560.5943,4.55085e-06
24510,561.0964,4.55768e-06
24540,561.597,4.564549e-06
24570,562.097,4.5715e-06
24600,562.5804,4.578045e-06
24630,563.0811,4.584989e-06
24660,563.5813,4.591863e-06
24690,564.0841,4.598718e-06
24720,564.5856,4.605657e-06
24750,565.1423,4.613448e-06
24780,565.644,4.620427e-06
24810,566.1452,4.627354e-06
24840,566.6472,4.634369e-06
24870,567.1448,4.641235e-06
24900,567.6268,4.647905e-06
24930,568.1302,4.655001e-06
24960,568.6318,4.662006e-06
24990,569.1314,4.669072e-06
25020,569.6328,4.676116e-06
25050,570.1348,4.682985e-06
25080,570.6353,4.690033e-06
25110,571.1371,4.697196e-06
25140,571.6394,4.704255e-06
25170,572.1385,4.711293e-06
25200,572.6412,4.718328e-06
25230,573.1415,4.725396e-06
25260,573.643,4.732361e-06
25290,574.1445,4.739575e-06
25320,574.6466,4.746787e-06
25350,575.1844,4.754478e-06
25380,575.6854,4.761551e-06
25410,576.1879,4.768606e-06
25440,576.6893,4.775754e-06
25470,577.1898,4.782934e-06
25500,577.6923,4.790161e-06
25530,578.1938,4.797274e-06
25560,578.6946,4.804504e-06
25590,579.1981,4.811631e-06
25620,579.6976,4.818849e-06
25650,580.1801,4.82586e-06
25680,580.6823,4.833071e-06
25710,581.1834,4.84022e-06
25740,581.6838,4.847418e-06
25770,582.1851,4.854551e-06
25800,582.6862,4.861976e-06
25830,583.1868,4.869275e-06
25860,583.6902,4.876625e-06
25890,584.1909,4.883833e-06
25920,584.6923,4.891081e-06
25950,585.2314,4.898962e-06
25980,585.7336,4.906316e-06
26010,586.2365,4.913728e-06
26040,586.7381,4.920996e-06
26070,587.2401,4.928292e-06
26100,587.7399,4.935632e-06
26130,588.2396,4.942945e-06
26160,588.7437,4.95039e-06
26190,589.2441,4.957758e-06
26220,589.7464,4.96517e-06
26250,590.2473,4.972526e-06
26280,590.7473,4.97983e-06
26310,591.2482,4.987359e-06
26340,591.7519,4.994793e-06
26370,592.2527,5.002214e-06
26400,592.7337,5.009301e-06
26430,593.2371,5.016705e-06
26460,593.738,5.024148e-06
26490,594.2397,5.03169e-06
26520,594.7391,5.039106e-06
26550,595.2963,5.047475e-06
26580,595.7998,5.054824e-06
26610,596.2981,5.062166e-06
26640,596.7999,5.069587e-06
26670,597.3029,5.077285e-06
26700,597.7852,5.084521e-06
26730,598.287,5.092083e-06
26760,598.7888,5.099582e-06
26790,599.2903,5.10716e-06
26820,599.7911,5.114731e-06
26850,600.2919,5.122419e-06
26880,600.7912,5.130057e-06
26910,601.2933,5.137749e-06
26940,601.7949,5.14523e-06
26970,602.296,5.152922e-06
27000,602.7966,5.16056e-06
27030,603.3002,5.168294e-06
27060,603.8012,5.176018e-06
27090,604.3026,5.183689e-06
27120,604.8027,5.191403e-06
27150,605.3427,5.199695e-06
27180,605.8433,5.207344e-06
27210,606.3455,5.215127e-06
27240,606.846,5.222948e-06
27270,607.3483,5.230728e-06
27300,607.8491,5.238348e-06
27330,608.351,5.246117e-06
27360,608.8521,5.253954e-06
27390,609.3547,5.261773e-06
27420,609.853,5.26957e-06
27450,610.3372,5.277056e-06
27480,610.8387,5.284879e-06
27510,611.3407,5.292678e-06
27540,611.8408,5.300578e-06
27570,612.3419,5.308551e-06
27600,612.8439,5.316438e-06
27630,613.3449,5.324376e-06
27660,613.8458,5.332182e-06
27690,614.3461,5.340082e-06
27720,614.8477,5.348071e-06
27750,615.4046,5.356912e-06
27780,615.8886,5.364661e-06
27810,616.3892,5.372624e-06
27840,616.8889,5.380615e-06
27870,617.3923,5.388606e-06
27900,617.8935,5.396682e-06
27930,618.3934,5.40475e-06
27960,618.8954,5.412814e-06
27990,619.3969,5.420804e-06
28020,619.8964,5.428838e-06
28050,620.3974,5.436923e-06
28080,620.8986,5.445057e-06
28110,621.3989,5.453267e-06
28140,621.9006,5.461428e-06
28170,622.4041,5.469506e-06
28200,622.904,5.477633e-06
28230,623.3873,5.485558e-06
28260,623.8869,5.493754e-06
28290,624.3912,5.501964e-06
28320,624.8906,5.51027e-06
28350,625.4467,5.519334e-06
28380,625.9487,5.527538e-06
28410,626.4502,5.535904e-06
28440,626.9521,5.544171e-06
28470,627.4551,5.552702e-06
28500,627.9561,5.561068e-06
28530,628.438,5.56901e-06
28560,628.9368,5.577388e-06
28590,629.4401,5.585884e-06
28620,629.9404,5.594296e-06
28650,630.442,5.602766e-06
28680,630.9435,5.611239e-06
28710,631.445,5.619705e-06
28740,631.9457,5.628095e-06
28770,632.4476,5.636778e-06
28800,632.9476,5.64536e-06
28830,633.4481,5.65403e-06
28860,633.949,5.662532e-06
28890,634.4512,5.6711e-06
28920,634.9535,5.679791e-06
28950,635.4917,5.689248e-06
28980,635.9941,5.697942e-06
29010,636.4955,5.706664e-06
29040,636.9963,5.715432e-06
29070,637.4975,5.724096e-06
29100,637.9974,5.733005e-06
29130,638.4979,5.741915e-06
29160,639.001,5.750763e-06
29190,639.5001,5.759697e-06
29220,640.0026,5.768544e-06
29250,640.5026,5.777471e-06
29280,640.9857,5.786273e-06
29310,641.4878,5.795311e-06
29340,641.9885,5.8044e-06
29370,642.4904,5.813617e-06
29400,642.9852,5.822572e-06
29430,643.4877,5.83176e-06
29460,643.9899,5.841172e-06
29490,644.492,5.850513e-06
29520,644.9945,5.859878e-06
29550,645.5492,5.870306e-06
29580,646.0325,5.879434e-06
29610,646.5355,5.888949e-06
29640,647.0333,5.898675e-06
29670,647.536,5.908483e-06
29700,648.0359,5.918273e-06
29730,648.5363,5.928095e-06
29760,649.04,5.937882e-06
29790,649.5419,5.948022e-06
29820,650.0421,5.958273e-06
29850,550.531,4.867918e-06
29880,551.0318,4.871767e-06
29910,551.5322,4.877348e-06
29940,552.0339,4.883703e-06
29970,552.5351,4.89037e-06
30000,553.0366,4.897067e-06
30030,553.5367,4.903953e-06
30060,554.0396,4.910846e-06
30090,554.5405,4.917991e-06
30120,555.0804,4.925777e-06
30150,555.5807,4.932676e-06
30180,556.0836,4.939835e-06
30210,556.5829,4.947e-06
30240,557.0852,4.954079e-06
30270,557.5865,4.961457e-06
30300,558.0869,4.96862e-06
30330,558.5882,4.97575e-06
30360,559.0896,4.982928e-06
30390,559.5918,4.990195e-06
30420,560.0922,4.99749e-06
30450,560.5935,5.004761e-06
30480,561.0952,5.011966e-06
30510,561.5978,5.019491e-06
30540,562.0997,5.026725e-06
30570,562.5807,5.033622e-06
30600,563.081,5.041015e-06
30630,563.5837,5.048481e-06
30660,564.0866,5.055815e-06
30690,564.5884,5.063126e-06
30720,565.1446,5.071282e-06
30750,565.6454,5.078833e-06
30780,566.1461,5.086145e-06
30810,566.6486,5.093599e-06
30840,567.1451,5.100858e-06
30870,567.6269,5.108083e-06
30900,568.1289,5.115437e-06
30930,568.6311,5.122833e-06
30960,569.1331,5.130271e-06
30990,569.6345,5.138016e-06
31020,570.1348,5.14531e-06
31050,570.6353,5.152645e-06
31080,571.1386,5.160095e-06
31110,571.6395,5.167749e-06
31140,572.1417,5.175191e-06
31170,572.6407,5.182681e-06
31200,573.1434,5.190092e-06
31230,573.6448,5.197756e-06
31260,574.1472,5.205277e-06
31290,574.6472,5.212748e-06
31320,575.1851,5.220801e-06
31350,575.6872,5.228711e-06
31380,576.1895,5.236086e-06
31410,576.6884,5.243486e-06
31440,577.1906,5.250998e-06
31470,577.6918,5.258571e-06
31500,578.1942,5.266555e-06
31530,578.6963,5.273899e-06
31560,579.1969,5.281418e-06
31590,579.699,5.28894e-06
31620,580.1815,5.296548e-06
31650,580.6833,5.304115e-06
31680,581.1852,5.311775e-06
31710,581.6855,5.319328e-06
31740,582.188,5.327093e-06
31770,582.6877,5.334645e-06
31800,583.1885,5.342381e-06
31830,583.6904,5.350073e-06
31860,584.1936,5.357612e-06
31890,584.694,5.365685e-06
31920,585.2305,5.373734e-06
31950,585.7325,5.381401e-06
31980,586.2357,5.389004e-06
32010,586.7365,5.397325e-06
32040,587.2393,5.404826e-06
32070,587.7401,5.412463e-06
32100,588.2405,5.419929e-06
32130,588.7441,5.428248e-06
32160,589.2448,5.435923e-06
32190,589.7454,5.44361e-06
32220,590.2474,5.451322e-06
32250,590.7474,5.459507e-06
32280,591.249,5.467031e-06
32310,591.7493,5.474968e-06
32340,592.2535,5.482483e-06
32370,592.7338,5.490626e-06
32400,593.2374,5.498166e-06
32430,593.7351,5.505955e-06
32460,594.2384,5.513588e-06
32490,594.7403,5.522069e-06
32520,595.2972,5.530828e-06
32550,595.7983,5.538722e-06
32580,596.3003,5.546393e-06
32610,596.8008,5.55428e-06
32640,597.3014,5.562505e-06
32670,597.7849,5.570095e-06
32700,598.2858,5.577991e-06
32730,598.7897,5.585921e-06
32760,599.2913,5.594087e-06
32790,599.7903,5.601997e-06
32820,600.291,5.610044e-06
32850,600.7939,5.618137e-06
32880,601.2941,5.626328e-06
32910,601.7943,5.634203e-06
32940,602.298,5.64232e-06
32970,602.7984,5.649835e-06
33000,603.3008,5.658729e-06
33030,603.8026,5.666705e-06
33060,604.3045,5.674805e-06
33090,604.8047,5.682525e-06
33120,605.3441,5.691918e-06
33150,605.8436,5.699941e-06
33180,606.3433,5.707985e-06
33210,606.8482,5.716424e-06
33240,607.3481,5.724612e-06
33270,607.8498,5.732697e-06
33300,608.3506,5.740835e-06
33330,608.8531,5.749135e-06
33360,609.3527,5.757776e-06
33390,609.8546,5.765794e-06
33420,610.3358,5.773649e-06
33450,610.8382,5.781557e-06
33480,611.3405,5.790733e-06
33510,611.8412,5.798747e-06
33540,612.3447,5.807075e-06
33570,612.8436,5.815277e-06
33600,613.3439,5.823917e-06
33630,613.8457,5.832224e-06
33660,614.3482,5.840631e-06
33690,614.8477,5.849034e-06
33720,615.4059,5.858396e-06
33750,615.8887,5.866735e-06
33780,616.3885,5.874987e-06
33810,616.8895,5.88341e-06
33840,617.392,5.891559e-06
33870,617.8934,5.900856e-06
33900,618.3935,5.909143e-06
33930,618.8944,5.917595e-06
33960,619.3956,5.925576e-06
33990,619.8975,5.934964e-06
34020,620.3961,5.943306e-06
34050,620.8997,5.951912e-06
34080,621.4013,5.960361e-06
34110,621.904,5.969438e-06
34140,622.4053,5.977919e-06
34170,622.9054,5.986524e-06
34200,623.3879,5.994698e-06
34230,623.8864,6.003605e-06
34260,624.3907,6.01259e-06
34290,624.8923,6.021226e-06
34320,625.4492,6.030838e-06
34350,625.9504,6.03964e-06
34380,626.4542,6.048599e-06
34410,626.9543,6.057423e-06
34440,627.4564,6.066193e-06
34470,627.958,6.075259e-06
34500,628.4385,6.083691e-06
34530,628.9387,6.092485e-06
34560,629.4398,6.101202e-06
34590,629.9428,6.110548e-06
34620,630.4443,6.119592e-06
34650,630.9437,6.128521e-06
34680,631.447,6.137436e-06
34710,631.9464,6.146628e-06
34740,632.4473,6.155646e-06
34770,632.9482,6.164693e-06
34800,633.4497,6.174066e-06
34830,633.9504,6.183489e-06
34860,634.4521,6.192639e-06
34890,634.9548,6.201826e-06
34920,635.492,6.211996e-06
34950,635.9956,6.221519e-06
34980,636.4962,6.230897e-06
35010,636.9983,6.240356e-06
35040,637.4999,6.249742e-06
35070,637.9974,6.259266e-06
35100,638.4982,6.268844e-06
35130,638.9995,6.278407e-06
35160,639.5032,6.288253e-06
35190,640.0021,6.297975e-06
35220,640.504,6.307569e-06
35250,640.9874,6.317039e-06
35280,641.4885,6.327201e-06
35310,641.9914,6.337259e-06
35340,642.491,6.347417e-06
35370,642.9901,6.35739e-06
35400,643.4904,6.367638e-06
35430,643.9918,6.377936e-06
35460,644.4932,6.388434e-06
35490,644.9944,6.398998e-06
35520,645.5526,6.410839e-06
35550,646.0368,6.421143e-06
35580,646.5349,6.432005e-06
35610,647.0362,6.443076e-06
35640,647.5391,6.454398e-06
35670,648.0384,6.4657e-06
35700,648.5396,6.477317e-06
35730,649.0399,6.489081e-06
35760,649.5409,6.501014e-06
35790,650.0427,6.513316e-06
35820,550.5312,4.860651e-06
35850,551.0328,4.864516e-06
35880,551.5332,4.870191e-06
35910,552.0349,4.876515e-06
35940,552.5365,4.883117e-06
35970,553.0358,4.890046e-06
36000,553.5361,4.896892e-06
36030,554.04,4.904003e-06
36060,554.5408,4.911094e-06
36090,555.0809,4.918887e-06
36120,555.5819,4.925995e-06
36150,556.0823,4.933173e-06
36180,556.583,4.940369e-06
36210,557.0844,4.947709e-06
36240,557.5862,4.955049e-06
36270,558.0873,4.962346e-06
36300,558.59,4.969636e-06
36330,559.0884,4.976921e-06
36360,559.5908,4.984337e-06
36390,560.0957,4.991754e-06
36420,560.5948,4.999095e-06
36450,561.0972,5.006475e-06
36480,561.5977,5.013799e-06
36510,562.0997,5.021189e-06
36540,562.5812,5.028376e-06
36570,563.0825,5.035737e-06
36600,563.5844,5.04319e-06
36630,564.0846,5.050503e-06
36660,564.5863,5.057926e-06
36690,565.1436,5.066321e-06
36720,565.6439,5.073754e-06
36750,566.1471,5.081328e-06
36780,566.6463,5.088683e-06
36810,567.1443,5.096058e-06
36840,567.6282,5.103209e-06
36870,568.1302,5.110932e-06
36900,568.631,5.11841e-06
36930,569.1324,5.125877e-06
36960,569.6343,5.133424e-06
36990,570.137,5.140829e-06
37020,570.6371,5.148358e-06
37050,571.1382,5.155965e-06
37080,571.6402,5.163493e-06
37110,572.1403,5.171036e-06
37140,572.6422,5.178494e-06
37170,573.1432,5.18604e-06
37200,573.6448,5.193705e-06
37230,574.1467,5.20128e-06
37260,574.6477,5.208924e-06
37290,575.1863,5.217046e-06
37320,575.6882,5.224645e-06
37350,576.1876,5.232218e-06
37380,576.6901,5.239848e-06
37410,577.1914,5.24757e-06
37440,577.694,5.255234e-06
37470,578.1945,5.262717e-06
37500,578.6953,5.270368e-06
37530,579.1979,5.277987e-06
37560,579.6984,5.285766e-06
37590,580.1812,5.293189e-06
37620,580.6841,5.300848e-06
37650,581.1853,5.308525e-06
37680,581.6844,5.316179e-06
37710,582.1866,5.323848e-06
37740,582.6891,5.331601e-06
37770,583.1902,5.339474e-06
37800,583.6907,5.347155e-06
37830,584.1921,5.354882e-06
37860,584.6953,5.362673e-06
37890,585.2312,5.371103e-06
37920,585.7331,5.378863e-06
37950,586.2363,5.386771e-06
37980,586.7367,5.394611e-06
38010,587.2386,5.402441e-06
38040,587.7424,5.410256e-06
38070,588.24,5.418159e-06
38100,588.7427,5.426037e-06
38130,589.2454,5.433915e-06
38160,589.7465,5.441614e-06
38190,590.2491,5.449479e-06
38220,590.7476,5.457293e-06
38250,591.2495,5.465246e-06
38280,591.7504,5.473092e-06
38310,592.252,5.481071e-06
38340,592.7364,5.488588e-06
38370,593.2362,5.496446e-06
38400,593.7387,5.504362e-06
38430,594.2399,5.512485e-06
38460,594.7396,5.520366e-06
38490,595.2961,5.529233e-06
38520,595.7987,5.537168e-06
38550,596.298,5.545134e-06
38580,596.8009,5.553112e-06
38610,597.3027,5.561144e-06
38640,597.7853,5.56886e-06
38670,598.2876,5.576965e-06
38700,598.788,5.584931e-06
38730,599.2906,5.592997e-06
38760,599.7903,5.601141e-06
38790,600.2917,5.609301e-06
38820,600.7947,5.617408e-06
38850,601.2953,5.625497e-06
38880,601.7964,5.633528e-06
38910,602.2957,5.641636e-06
38940,602.7996,5.649847e-06
38970,603.2991,5.657987e-06
39000,603.8022,5.666331e-06
39030,604.3024,5.674475e-06
39060,604.8031,5.682527e-06
39090,605.3407,5.691362e-06
39120,605.8444,5.699701e-06
39150,606.3443,5.707882e-06
39180,606.847,5.716175e-06
39210,607.3497,5.724446e-06
39240,607.8488,5.732644e-06
39270,608.3491,5.740911e-06
39300,608.8519,5.749226e-06
39330,609.3525,5.757657e-06
39360,609.8524,5.766064e-06
39390,610.3371,5.774014e-06
39420,610.8378,5.782285e-06
39450,611.3391,5.790728e-06
39480,611.8408,5.799239e-06
39510,612.3437,5.807627e-06
39540,612.8441,5.816057e-06
39570,613.344,5.824496e-06
39600,613.8441,5.832839e-06
39630,614.3481,5.841395e-06
39660,614.8486,5.849887e-06
39690,615.4058,5.859331e-06
39720,615.8875,5.867388e-06
39750,616.3892,5.875927e-06
39780,616.8902,5.884441e-06
39810,617.392,5.893071e-06
39840,617.8934,5.901654e-06
39870,618.394,5.910262e-06
39900,618.8966,5.918897e-06
39930,619.3951,5.927479e-06
39960,619.8983,5.936038e-06
39990,620.3995,5.944788e-06
40020,620.8985,5.953478e-06
40050,621.3993,5.962175e-06
40080,621.9023,5.970848e-06
40110,622.405,5.979547e-06
40140,622.9051,5.9882e-06
40170,623.3872,5.996638e-06
40200,623.8869,6.005424e-06
40230,624.3919,6.014295e-06
40260,624.8918,6.023134e-06
40290,625.4481,6.032844e-06
40320,625.9503,6.041716e-06
40350,626.4519,6.050695e-06
40380,626.9559,6.059624e-06
40410,627.4548,6.068609e-06
40440,627.9563,6.077414e-06
40470,628.4385,6.08605e-06
40500,628.9391,6.095041e-06
40530,629.4411,6.104101e-06
40560,629.9429,6.113196e-06
40590,630.4429,6.122242e-06
40620,630.9429,6.131238e-06
40650,631.4476,6.140274e-06
40680,631.9468,6.149615e-06
40710,632.4478,6.158766e-06
40740,632.9492,6.168023e-06
40770,633.4513,6.177208e-06
40800,633.9511,6.186481e-06
40830,634.4518,6.195678e-06
40860,634.9547,6.205081e-06
40890,635.4921,6.215243e-06
40920,635.9935,6.224737e-06
40950,636.4957,6.23403e-06
40980,636.9972,6.243609e-06
41010,637.4976,6.253188e-06
41040,637.9975,6.262846e-06
41070,638.4985,6.272372e-06
41100,639.0002,6.281997e-06
41130,639.5016,6.291713e-06
41160,640.0048,6.301537e-06
41190,640.503,6.311315e-06
41220,640.9904,6.320975e-06
41250,641.4893,6.330952e-06
41280,641.9913,6.340834e-06
41310,642.4911,6.350809e-06
41340,642.9864,6.360858e-06
41370,643.4892,6.371164e-06
41400,643.9922,6.381496e-06
41430,644.4902,6.391813e-06
41460,644.9951,6.402221e-06
41490,645.5519,6.41397e-06
41520,646.036,6.424199e-06
41550,646.5355,6.435142e-06
41580,647.0361,6.446104e-06
41610,647.537,6.45717e-06
41640,648.037,6.468398e-06
41670,648.54,6.479773e-06
41700,649.0417,6.491357e-06
41730,649.543,6.503135e-06
41760,650.0439,6.515111e-06
41790,550.5309,4.595165e-06
41820,551.033,4.598563e-06
41850,551.5334,4.603929e-06
41880,552.0349,4.609952e-06
41910,552.5351,4.616371e-06
41940,553.0366,4.622921e-06
41970,553.5378,4.629652e-06
42000,554.0386,4.636314e-06
42030,554.5423,4.643075e-06
42060,555.0797,4.650522e-06
42090,555.5813,4.657501e-06
42120,556.0807,4.664412e-06
42150,556.5826,4.671342e-06
42180,557.0849,4.67817e-06
42210,557.5844,4.685171e-06
42240,558.087,4.692198e-06
42270,558.5892,4.699274e-06
42300,559.0915,4.70639e-06
42330,559.5925,4.713391e-06
42360,560.0924,4.720402e-06
42390,560.5948,4.727345e-06
42420,561.0958,4.734557e-06
42450,561.5969,4.741693e-06
42480,562.0977,4.748811e-06
42510,562.5809,4.755617e-06
42540,563.081,4.762665e-06
42570,563.5827,4.76985e-06
42600,564.0845,4.776971e-06
42630,564.5876,4.784213e-06
42660,565.1442,4.792203e-06
42690,565.6461,4.799315e-06
42720,566.1463,4.806469e-06
42750,566.6481,4.813618e-06
42780,567.1453,4.820879e-06
42810,567.6287,4.827751e-06
42840,568.1303,4.835003e-06
42870,568.6306,4.842113e-06
42900,569.1329,4.84936e-06
42930,569.6349,4.856731e-06
42960,570.1368,4.863926e-06
42990,570.6388,4.871335e-06
43020,571.1381,4.878472e-06
43050,571.6396,4.885659e-06
43080,572.1417,4.892906e-06
43110,572.6436,4.900327e-06
43140,573.1447,4.907565e-06
43170,573.6457,4.914843e-06
43200,574.1482,4.922117e-06
43230,574.6476,4.929449e-06
43260,575.1851,4.937255e-06
43290,575.6878,4.944649e-06
43320,576.1888,4.951964e-06
43350,576.6915,4.959429e-06
43380,577.1913,4.966627e-06
43410,577.6943,4.973993e-06
43440,578.1938,4.981527e-06
43470,578.6956,4.98896e-06
43500,579.2,4.996337e-06
43530,579.6992,5.003687e-06
43560,580.1819,5.010798e-06
43590,580.6828,5.018278e-06
43620,581.1847,5.025792e-06
43650,581.6844,5.033281e-06
43680,582.1859,5.04087e-06
43710,582.6883,5.0482e-06
43740,583.189,5.05563e-06
43770,583.6893,5.06317e-06
43800,584.1921,5.070764e-06
43830,584.6949,5.078281e-06
43860,585.232,5.086296e-06
43890,585.733,5.093832e-06
43920,586.2344,5.101376e-06
43950,586.7361,5.1089e-06
43980,587.2392,5.116536e-06
44010,587.7416,5.124156e-06
44040,588.2408,5.131619e-06
44070,588.7421,5.139111e-06
44100,589.2435,5.14682e-06
44130,589.7468,5.154481e-06
44160,590.2479,5.162087e-06
44190,590.7461,5.169648e-06
44220,591.2491,5.177237e-06
44250,591.7511,5.184907e-06
44280,592.2515,5.19256e-06
44310,592.7333,5.199965e-06
44340,593.2356,5.207686e-06
44370,593.7374,5.215319e-06
44400,594.2402,5.222917e-06
44430,594.739,5.23062e-06
44460,595.2961,5.239291e-06
44490,595.7992,5.247024e-06
44520,596.3002,5.254708e-06
44550,596.8027,5.262419e-06
44580,597.3021,5.270144e-06
44610,597.7841,5.277636e-06
44640,598.2867,5.285424e-06
44670,598.7883,5.293287e-06
44700,599.2898,5.301019e-06
44730,599.7902,5.308753e-06
44760,600.2914,5.316565e-06
44790,600.7924,5.324517e-06
44820,601.2946,5.332316e-06
44850,601.7941,5.34012e-06
44880,602.2974,5.347962e-06
44910,602.7978,5.355816e-06
44940,603.2991,5.363643e-06
44970,603.8008,5.371675e-06
45000,604.3015,5.379522e-06
45030,604.8031,5.387407e-06
45060,605.3413,5.395852e-06
45090,605.8438,5.403735e-06
45120,606.3461,5.411837e-06
45150,606.8474,5.419842e-06
45180,607.3478,5.427728e-06
45210,607.8504,5.435685e-06
45240,608.3495,5.443635e-06
45270,608.8518,5.45166e-06
45300,609.3544,5.459705e-06
45330,609.8534,5.467804e-06
45360,610.3373,5.475531e-06
45390,610.8376,5.483474e-06
45420,611.339,5.491465e-06
45450,611.8411,5.499522e-06
45480,612.3409,5.50768e-06
45510,612.8435,5.515781e-06
45540,613.3428,5.52391e-06
45570,613.8439,5.532022e-06
45600,614.3457,5.540157e-06
45630,614.8459,5.548305e-06
45660,615.4041,5.557363e-06
45690,615.8873,5.565282e-06
45720,616.3878,5.573446e-06
45750,616.8884,5.581571e-06
45780,617.3925,5.589868e-06
45810,617.8916,5.59821e-06
45840,618.3942,5.606448e-06
45870,618.8948,5.614816e-06
45900,619.3959,5.623001e-06
45930,619.897,5.631272e-06
45960,620.3974,5.639527e-06
45990,620.9009,5.648002e-06
46020,621.3993,5.656379e-06
46050,621.903,5.664951e-06
46080,622.4028,5.673213e-06
46110,622.9045,5.681576e-06
46140,623.3868,5.689859e-06
46170,623.8871,5.698346e-06
46200,624.3909,5.706876e-06
46230,624.893,5.715509e-06
46260,625.4486,5.724902e-06
46290,625.9509,5.73337e-06
46320,626.454,5.742108e-06
46350,626.9532,5.750702e-06
46380,627.4541,5.759392e-06
46410,627.9562,5.767994e-06
46440,628.4379,5.77633e-06
46470,628.9399,5.785039e-06
46500,629.439,5.79385e-06
46530,629.9407,5.802578e-06
46560,630.4417,5.811387e-06
46590,630.9428,5.820237e-06
46620,631.447,5.828994e-06
46650,631.947,5.837885e-06
46680,632.4485,5.846865e-06
46710,632.9479,5.85583e-06
46740,633.4509,5.864772e-06
46770,633.9507,5.873669e-06
46800,634.4503,5.88274e-06
46830,634.9534,5.89182e-06
46860,635.4922,5.901679e-06
46890,635.9943,5.91088e-06
46920,636.4955,5.920183e-06
46950,636.9974,5.929302e-06
46980,637.4978,5.938611e-06
47010,637.9994,5.948093e-06
47040,638.4996,5.957528e-06
47070,639.0009,5.96695e-06
47100,639.5024,5.976476e-06
47130,640.0021,5.986004e-06
47160,640.5054,5.995641e-06
47190,640.9863,6.00503e-06
47220,641.4886,6.014916e-06
47250,641.9894,6.024881e-06
47280,642.4897,6.034821e-06
47310,642.9856,6.044671e-06
47340,643.4893,6.054845e-06
47370,643.9908,6.065223e-06
47400,644.492,6.075674e-06
47430,644.9928,6.086187e-06
47460,645.5505,6.098113e-06
47490,646.0335,6.108536e-06
47520,646.5355,6.119556e-06
47550,647.0359,6.130745e-06
47580,647.5363,6.142239e-06
47610,648.0386,6.153877e-06
47640,648.54,6.165722e-06
47670,649.0396,6.178025e-06
47700,649.5417,6.190692e-06
47730,650.0424,6.203525e-06
47760,550.5287,3.930206e-06
47790,551.0319,3.932648e-06
47820,551.5319,3.937179e-06
47850,552.0348,3.942355e-06
47880,552.5357,3.947689e-06
47910,553.0366,3.953372e-06
47940,553.5373,3.959032e-06
47970,554.0403,3.964869e-06
48000,554.539,3.970615e-06
48030,555.0799,3.976983e-06
48060,555.5812,3.982864e-06
48090,556.0812,3.988738e-06
48120,556.5839,3.994591e-06
48150,557.084,4.000584e-06
48180,557.5847,4.006606e-06
48210,558.086,4.012642e-06
48240,558.5883,4.018549e-06
48270,559.089,4.02453e-06
48300,559.5908,4.030593e-06
48330,560.0936,4.036659e-06
48360,560.5937,4.042798e-06
48390,561.0942,4.04889e-06
48420,561.5972,4.055049e-06
48450,562.0975,4.061059e-06
48480,562.5808,4.066855e-06
48510,563.081,4.073017e-06
48540,563.5836,4.079266e-06
48570,564.0839,4.085368e-06
48600,564.5858,4.091578e-06
48630,565.143,4.098433e-06
48660,565.6441,4.104507e-06
48690,566.1442,4.11067e-06
48720,566.6474,4.116925e-06
48750,567.1445,4.123212e-06
48780,567.6287,4.129159e-06
48810,568.1291,4.135354e-06
48840,568.63,4.14155e-06
48870,569.1317,4.147769e-06
48900,569.6324,4.154068e-06
48930,570.1348,4.160314e-06
48960,570.6374,4.16673e-06
48990,571.1367,4.172913e-06
49020,571.6378,4.179149e-06
49050,572.1392,4.185396e-06
49080,572.6406,4.191859e-06
49110,573.1434,4.198138e-06
49140,573.6441,4.20444e-06
49170,574.1457,4.210717e-06
49200,574.6478,4.217102e-06
49230,575.1845,4.223873e-06
49260,575.6876,4.230326e-06
49290,576.1862,4.236691e-06
49320,576.6896,4.243173e-06
49350,577.1896,4.249476e-06
49380,577.6895,4.255869e-06
49410,578.1931,4.26231e-06
49440,578.6932,4.268807e-06
49470,579.1962,4.27521e-06
49500,579.6986,4.281651e-06
49530,580.1808,4.287834e-06
49560,580.6816,4.294199e-06
49590,581.1828,4.300615e-06
49620,581.6841,4.307139e-06
49650,582.1859,4.313696e-06
49680,582.6872,4.320204e-06
49710,583.1888,4.326655e-06
49740,583.6901,4.333148e-06
49770,584.1904,4.339658e-06
49800,584.6925,4.34623e-06
49830,585.2297,4.35327e-06
49860,585.7328,4.359911e-06
49890,586.234,4.366495e-06
49920,586.7349,4.372939e-06
49950,587.2372,4.379504e-06
49980,587.7401,4.386283e-06
50010,588.2392,4.392769e-06
50040,588.7422,4.399445e-06
50070,589.2429,4.406005e-06
50100,589.7467,4.412595e-06
50130,590.2466,4.419302e-06
50160,590.7482,4.42598e-06
50190,591.2469,4.432642e-06
50220,591.7493,4.439308e-06
50250,592.2496,4.445858e-06
50280,592.733,4.452137e-06
50310,593.2357,4.458902e-06
50340,593.7357,4.465598e-06
50370,594.2379,4.472263e-06
50400,594.7396,4.478906e-06
50430,595.297,4.486377e-06
50460,595.7966,4.492967e-06
50490,596.2986,4.499661e-06
50520,596.8015,4.506435e-06
50550,597.3018,4.513176e-06
50580,597.7853,4.519605e-06
50610,598.2854,4.52629e-06
50640,598.7873,4.533016e-06
50670,599.2891,4.539782e-06
50700,599.7886,4.546612e-06
50730,600.2902,4.553434e-06
50760,600.7924,4.560326e-06
50790,601.2925,4.567e-06
50820,601.7947,4.573749e-06
50850,602.2964,4.580691e-06
50880,602.798,4.587615e-06
50910,603.3008,4.594525e-06
50940,603.8008,4.601332e-06
50970,604.301,4.60815e-06
51000,604.803,4.615074e-06
51030,605.3423,4.622632e-06
51060,605.8444,4.629504e-06
51090,606.345,4.636483e-06
51120,606.8481,4.643393e-06
51150,607.3467,4.650373e-06
51180,607.8502,4.657278e-06
51210,608.3506,4.6644e-06
51240,608.8515,4.671388e-06
51270,609.3548,4.678471e-06
51300,609.8555,4.685475e-06
51330,610.3365,4.692261e-06
51360,610.8367,4.699219e-06
51390,611.3397,4.706355e-06
51420,611.8408,4.71355e-06
51450,612.3425,4.720754e-06
51480,612.8431,4.72783e-06
51510,613.3454,4.734992e-06
51540,613.8451,4.742135e-06
51570,614.347,4.749446e-06
51600,614.8471,4.756566e-06
51630,615.4045,4.764664e-06
51660,615.8895,4.77164e-06
51690,616.3887,4.778863e-06
51720,616.8895,4.786058e-06
51750,617.3918,4.793447e-06
51780,617.8926,4.800728e-06
51810,618.395,4.807967e-06
51840,618.8941,4.815344e-06
51870,619.3965,4.822688e-06
51900,619.8964,4.829977e-06
51930,620.3982,4.837429e-06
51960,620.8996,4.844807e-06
51990,621.4005,4.852339e-06
52020,621.9026,4.859693e-06
52050,622.4041,4.867042e-06
52080,622.9046,4.874489e-06
52110,623.3862,4.881834e-06
52140,623.8871,4.889307e-06
52170,624.3899,4.896785e-06
52200,624.8892,4.904303e-06
52230,625.4485,4.912741e-06
52260,625.9485,4.920219e-06
52290,626.4519,4.928034e-06
52320,626.955,4.935777e-06
52350,627.4554,4.943493e-06
52380,627.9563,4.951082e-06
52410,628.4375,4.958523e-06
52440,628.9384,4.966299e-06
52470,629.4392,4.974188e-06
52500,629.9424,4.982047e-06
52530,630.442,4.989937e-06
52560,630.9437,4.997858e-06
52590,631.4459,5.005822e-06
52620,631.9471,5.013769e-06
52650,632.4484,5.021862e-06
52680,632.949,5.029951e-06
52710,633.4498,5.038094e-06
52740,633.9513,5.046218e-06
52770,634.4525,5.054403e-06
52800,634.9532,5.062737e-06
52830,635.4924,5.071651e-06
52860,635.9929,5.08004e-06
52890,636.4957,5.088517e-06
52920,636.9976,5.096825e-06
52950,637.4986,5.105312e-06
52980,637.9981,5.113985e-06
53010,638.4973,5.12263e-06
53040,639.0004,5.131373e-06
53070,639.5018,5.140078e-06
53100,640.0015,5.148936e-06
53130,640.5019,5.157767e-06
53160,640.9849,5.166544e-06
53190,641.4891,5.175712e-06
53220,641.988,5.184932e-06
53250,642.4907,5.194173e-06
53280,642.9871,5.203396e-06
53310,643.4885,5.21295e-06
53340,643.9899,5.222656e-06
53370,644.4901,5.232396e-06
53400,644.993,5.242348e-06
53430,645.5504,5.253577e-06
53460,646.0333,5.263306e-06
53490,646.5354,5.273913e-06
53520,647.0349,5.28456e-06
53550,647.5347,5.295453e-06
53580,648.0377,5.306515e-06
53610,648.5394,5.317838e-06
53640,649.0375,5.329487e-06
53670,649.5412,5.341699e-06
53700,650.043,5.354059e-06
53730,550.5297,3.802537e-06
53760,551.0334,3.804908e-06
53790,551.5316,3.809356e-06
53820,552.0355,3.814415e-06
53850,552.5367,3.819941e-06
53880,553.0372,3.825502e-06
53910,553.5391,3.831171e-06
53940,554.0389,3.836921e-06
53970,554.5397,3.842852e-06
54000,555.0801,3.849544e-06
54030,555.5821,3.855152e-06
54060,556.0834,3.860995e-06
54090,556.5821,3.866995e-06
54120,557.0851,3.873018e-06
54150,557.5846,3.879178e-06
54180,558.0863,3.885201e-06
54210,558.59,3.891185e-06
54240,559.0908,3.897222e-06
54270,559.5921,3.903229e-06
54300,560.0918,3.909451e-06
54330,560.5939,3.915562e-06
54360,561.0967,3.921848e-06
54390,561.5992,3.92785e-06
54420,562.0995,3.933995e-06
54450,562.5813,3.939877e-06
54480,563.0828,3.946101e-06
54510,563.5837,3.952278e-06
54540,564.0865,3.958459e-06
54570,564.5871,3.964662e-06
54600,565.1433,3.971503e-06
54630,565.6451,3.977612e-06
54660,566.1464,3.983921e-06
54690,566.6483,3.990177e-06
54720,567.1451,3.996342e-06
54750,567.6293,4.00228e-06
54780,568.1288,4.008583e-06
54810,568.6314,4.014888e-06
54840,569.1326,4.021165e-06
54870,569.636,4.027519e-06
54900,570.1372,4.033767e-06
54930,570.6387,4.039989e-06
54960,571.1392,4.046285e-06
54990,571.6389,4.052663e-06
55020,572.1412,4.059017e-06
55050,572.6421,4.065402e-06
55080,573.1434,4.07167e-06
55110,573.6462,4.077996e-06
55140,574.147,4.084359e-06
55170,574.6483,4.090787e-06
55200,575.1873,4.097626e-06
55230,575.6879,4.104088e-06
55260,576.1898,4.110471e-06
55290,576.6917,4.116844e-06
55320,577.1927,4.123341e-06
55350,577.6934,4.129854e-06
55380,578.1943,4.136292e-06
55410,578.6957,4.142761e-06
55440,579.1964,4.149112e-06
55470,579.6995,4.1556e-06
55500,580.1822,4.161979e-06
55530,580.6816,4.168461e-06
55560,581.184,4.175044e-06
55590,581.6852,4.181471e-06
55620,582.1858,4.187867e-06
55650,582.6888,4.19444e-06
55680,583.1894,4.201126e-06
55710,583.6921,4.207685e-06
55740,584.193,4.214192e-06
55770,584.6943,4.220738e-06
55800,585.2319,4.227805e-06
55830,585.732,4.23437e-06
55860,586.2358,4.241096e-06
55890,586.7364,4.247671e-06
55920,587.2377,4.254317e-06
55950,587.7402,4.260764e-06
55980,588.2404,4.267503e-06
56010,588.7416,4.274209e-06
56040,589.2448,4.280912e-06
56070,589.7446,4.287431e-06
56100,590.246,4.294083e-06
56130,590.7479,4.300916e-06
56160,591.2479,4.307645e-06
56190,591.7499,4.31445e-06
56220,592.252,4.32109e-06
56250,592.7353,4.327569e-06
56280,593.2362,4.334271e-06
56310,593.7361,4.341041e-06
56340,594.2409,4.34794e-06
56370,594.7404,4.354654e-06
56400,595.2956,4.362156e-06
56430,595.7975,4.36888e-06
56460,596.2994,4.37576e-06
56490,596.8013,4.382672e-06
56520,597.3032,4.389483e-06
56550,597.7856,4.395959e-06
56580,598.2883,4.402856e-06
56610,598.7876,4.409611e-06
56640,599.2901,4.416606e-06
56670,599.7896,4.423568e-06
56700,600.2891,4.430426e-06
56730,600.7928,4.437246e-06
56760,601.2937,4.444093e-06
56790,601.7965,4.45122e-06
56820,602.2963,4.458163e-06
56850,602.7976,4.465169e-06
56880,603.298,4.472029e-06
56910,603.8008,4.478984e-06
56940,604.3022,4.486055e-06
56970,604.804,4.4931e-06
57000,605.3423,4.500764e-06
57030,605.8431,4.507772e-06
57060,606.3444,4.514759e-06
57090,606.8468,4.52187e-06
57120,607.348,4.529087e-06
57150,607.8501,4.536233e-06
57180,608.3512,4.543303e-06
57210,608.8522,4.550412e-06
57240,609.3541,4.557617e-06
57270,609.8535,4.564964e-06
57300,610.3374,4.57189e-06
57330,610.8373,4.579138e-06
57360,611.3392,4.586452e-06
57390,611.8395,4.593632e-06
57420,612.3435,4.601005e-06
57450,612.8426,4.608336e-06
57480,613.3444,4.615822e-06
57510,613.8453,4.623025e-06
57540,614.3455,4.630323e-06
57570,614.8481,4.637698e-06
57600,615.4042,4.645975e-06
57630,615.8882,4.653028e-06
57660,616.3901,4.66052e-06
57690,616.8923,4.667955e-06
57720,617.3927,4.675446e-06
57750,617.8929,4.682917e-06
57780,618.3941,4.690451e-06
57810,618.895,4.698034e-06
57840,619.3953,4.705588e-06
57870,619.8963,4.713092e-06
57900,620.3976,4.720725e-06
57930,620.9,4.728523e-06
57960,621.3998,4.736177e-06
57990,621.9041,4.743994e-06
58020,622.405,4.751716e-06
58050,622.9042,4.759387e-06
58080,623.3872,4.766945e-06
58110,623.8881,4.77478e-06
58140,624.3911,4.782783e-06
58170,624.8939,4.79068e-06
58200,625.4495,4.799411e-06
58230,625.9494,4.807352e-06
58260,626.4518,4.815532e-06
58290,626.9534,4.823585e-06
58320,627.4538,4.831653e-06
58350,627.955,4.839742e-06
58380,628.4374,4.847616e-06
58410,628.9384,4.85591e-06
58440,629.4404,4.86417e-06
58470,629.9413,4.872564e-06
58500,630.4411,4.880873e-06
58530,630.9415,4.889198e-06
58560,631.4438,4.897799e-06
58590,631.9487,4.906422e-06
58620,632.4471,4.915133e-06
58650,632.9481,4.923636e-06
58680,633.4485,4.932347e-06
58710,633.9497,4.941192e-06
58740,634.4513,4.950073e-06
58770,634.9526,4.959131e-06
58800,635.4922,4.968791e-06
58830,635.9949,4.977932e-06
58860,636.4951,4.987041e-06
58890,636.9964,4.996578e-06
58920,637.4959,5.006051e-06
58950,637.9983,5.015745e-06
58980,638.4963,5.025339e-06
59010,638.9993,5.035092e-06
59040,639.5014,5.045251e-06
59070,640.0031,5.055424e-06
59100,640.5051,5.065778e-06
59130,640.9875,5.075909e-06
59160,641.4864,5.086635e-06
59190,641.9883,5.09756e-06
59220,642.4922,5.109032e-06
59250,642.9858,5.120387e-06
59280,643.4904,5.13229e-06
59310,643.9897,5.144373e-06
59340,644.4896,5.15699e-06
59370,644.9933,5.170262e-06
59400,645.5509,5.185364e-06
59430,646.034,5.199171e-06
59460,646.5327,5.213986e-06
59490,647.0353,5.229813e-06
59520,647.5368,5.246611e-06
59550,648.037,5.264478e-06
59580,648.5394,5.284075e-06
59610,649.0406,5.305278e-06
59640,649.541,5.32869e-06
59670,650.0424,5.355176e-06
