Voltage,LeakageCurrent
1.007554,3.85E-09
4.011488,1.03E-08
7.021188,1.87E-08
10.06371,2.69E-08
13.05175,3.49E-08
16.06106,4.26E-08
19.06839,4.99E-08
22.05592,5.69E-08
25.11939,6.50E-08
28.10904,7.28E-08
31.11531,8.09E-08
34.10518,8.91E-08
37.10891,9.75E-08
40.15341,1.06E-07
43.15983,1.15E-07
46.14858,1.25E-07
49.15611,1.37E-07
52.16451,1.49E-07
55.2085,1.61E-07
58.21496,1.67E-07
61.20321,1.84E-07
64.20985,1.97E-07
67.19885,2.10E-07
70.26025,2.23E-07
73.24953,2.36E-07
76.25942,2.48E-07
79.24762,2.61E-07
82.25636,2.75E-07
85.3035,2.88E-07
88.30963,3.01E-07
91.2991,3.15E-07
94.30942,3.29E-07
97.31769,3.42E-07
100.3619,3.56E-07
103.3722,3.71E-07
106.3603,3.84E-07
109.3687,3.99E-07
112.3556,4.13E-07
115.4195,4.28E-07
118.4096,4.42E-07
121.4169,4.57E-07
124.4072,4.73E-07
127.4151,4.87E-07
130.4603,5.04E-07
133.4702,5.19E-07
136.459,5.35E-07
139.4665,5.51E-07
142.4759,5.68E-07
145.5204,5.85E-07
148.5282,6.02E-07
151.5189,6.18E-07
154.5264,6.36E-07
157.5148,6.54E-07
160.5777,6.72E-07
163.5663,6.91E-07
166.5736,7.10E-07
169.5635,7.28E-07
172.5697,7.50E-07
175.616,7.69E-07
178.6215,7.88E-07
181.6111,8.10E-07
184.6185,8.28E-07
187.6222,8.48E-07
190.6671,8.71E-07
193.6742,8.88E-07
196.6619,9.10E-07
199.6691,9.31E-07
202.6574,9.49E-07
205.7227,9.74E-07
208.7132,9.93E-07
211.7189,1.01E-06
214.7087,1.04E-06
217.7302,1.05E-06
220.3952,1.05E-06
223.7581,1.05E-06
226.7476,1.07E-06
229.756,1.09E-06
232.7651,1.10E-06
235.8086,1.13E-06
238.8181,1.15E-06
241.8077,1.17E-06
244.8167,1.19E-06
247.8062,1.21E-06
250.8704,1.23E-06
253.8597,1.25E-06
256.8691,1.27E-06
259.8579,1.29E-06
262.8622,1.31E-06
265.9084,1.33E-06
268.9152,1.36E-06
271.9226,1.38E-06
274.9134,1.40E-06
277.9213,1.42E-06
280.9671,1.44E-06
283.9752,1.47E-06
286.9661,1.49E-06
289.9743,1.51E-06
292.9635,1.53E-06
296.0258,1.56E-06
299.0174,1.58E-06
302.026,1.60E-06
305.0146,1.62E-06
308.078,1.65E-06
311.0659,1.67E-06
314.0738,1.69E-06
317.0807,1.72E-06
320.0702,1.74E-06
323.1161,1.77E-06
326.1217,1.79E-06
329.1296,1.81E-06
332.1188,1.84E-06
335.1247,1.86E-06
338.1696,1.89E-06
341.1738,1.91E-06
344.1632,1.94E-06
347.1692,1.96E-06
350.1592,1.99E-06
353.2217,2.01E-06
356.21,2.04E-06
359.2186,2.07E-06
362.2262,2.09E-06
365.2149,2.12E-06
368.2599,2.14E-06
371.2683,2.17E-06
374.2737,2.20E-06
377.2621,2.22E-06
380.2716,2.25E-06
383.3166,2.28E-06
386.3245,2.31E-06
389.3144,2.33E-06
392.322,2.36E-06
395.3115,2.39E-06
398.3777,2.42E-06
401.3665,2.44E-06
404.3752,2.47E-06
407.3834,2.50E-06
410.3719,2.53E-06
413.4177,2.56E-06
416.4229,2.59E-06
419.4293,2.62E-06
422.4196,2.65E-06
425.4274,2.68E-06
428.4738,2.71E-06
431.4809,2.73E-06
434.4713,2.76E-06
437.4801,2.79E-06
440.4693,2.83E-06
443.5327,2.86E-06
446.5243,2.89E-06
449.5306,2.92E-06
452.5374,2.95E-06
455.5267,2.98E-06
458.5724,3.01E-06
461.5806,3.04E-06
464.5861,3.08E-06
467.5763,3.11E-06
470.5821,3.14E-06
473.6284,3.17E-06
476.6353,3.21E-06
479.6263,3.24E-06
482.6325,3.27E-06
485.6382,3.30E-06
488.685,3.34E-06
491.6689,3.37E-06
494.6773,3.41E-06
497.6829,3.44E-06
500.6704,3.47E-06
503.7174,3.51E-06
506.7229,3.54E-06
509.731,3.58E-06
512.7216,3.61E-06
515.728,3.65E-06
518.7724,3.68E-06
521.78,3.72E-06
524.7667,3.76E-06
527.7756,3.79E-06
530.7835,3.83E-06
533.8296,3.87E-06
536.8196,3.90E-06
539.8279,3.94E-06
542.8352,3.98E-06
545.8265,4.02E-06
548.8738,4.05E-06
551.8817,4.09E-06
554.8886,4.13E-06
557.8805,4.17E-06
560.8896,4.21E-06
563.933,4.25E-06
566.9368,4.29E-06
569.9282,4.33E-06
572.9365,4.37E-06
575.9457,4.41E-06
578.9899,4.45E-06
581.9794,4.49E-06
584.9874,4.53E-06
587.9969,4.57E-06
590.9866,4.61E-06
594.0328,4.66E-06
597.0408,4.70E-06
600.0488,4.74E-06
1.007328,5.61E-09
4.013,1.20E-08
7.019596,1.98E-08
10.06563,2.86E-08
13.05458,3.70E-08
16.0619,4.49E-08
19.07022,5.23E-08
22.05605,5.97E-08
25.12002,6.88E-08
28.10977,7.69E-08
31.11608,8.55E-08
34.10432,9.34E-08
37.10812,1.02E-07
40.15437,1.10E-07
43.16221,1.20E-07
46.15014,1.31E-07
49.15701,1.42E-07
52.16502,1.55E-07
55.21086,1.67E-07
58.21545,1.73E-07
61.20464,1.90E-07
64.21047,2.03E-07
67.20087,2.16E-07
70.2625,2.29E-07
73.25133,2.42E-07
76.2597,2.55E-07
79.24879,2.68E-07
82.25693,2.81E-07
85.30342,2.94E-07
88.31148,3.08E-07
91.30064,3.21E-07
94.31077,3.35E-07
97.31926,3.49E-07
100.3641,3.63E-07
103.3717,3.77E-07
106.361,3.91E-07
109.3694,4.05E-07
112.3547,4.19E-07
115.4181,4.34E-07
118.4089,4.48E-07
121.4174,4.64E-07
124.4068,4.79E-07
127.4148,4.94E-07
130.4615,5.11E-07
133.4701,5.25E-07
136.4585,5.41E-07
139.4675,5.58E-07
142.4751,5.74E-07
145.5198,5.91E-07
148.5288,6.07E-07
151.5196,6.24E-07
154.5251,6.43E-07
157.5151,6.60E-07
160.5776,6.80E-07
163.5659,6.99E-07
166.5743,7.16E-07
169.5638,7.36E-07
172.5697,7.56E-07
175.6157,7.74E-07
178.6218,7.95E-07
181.6118,8.14E-07
184.6193,8.34E-07
187.6231,8.56E-07
190.6687,8.76E-07
193.6747,8.95E-07
196.6634,9.17E-07
199.672,9.36E-07
202.6594,9.57E-07
205.7228,9.80E-07
208.7135,9.97E-07
211.7207,1.02E-06
214.7087,1.04E-06
217.7274,1.05E-06
220.155,1.05E-06
223.7586,1.05E-06
226.7477,1.07E-06
229.7562,1.09E-06
232.7654,1.11E-06
235.8101,1.13E-06
238.8191,1.15E-06
241.8086,1.17E-06
244.8163,1.19E-06
247.8071,1.21E-06
250.8703,1.23E-06
253.8594,1.25E-06
256.8685,1.27E-06
259.857,1.29E-06
262.8628,1.32E-06
265.9092,1.34E-06
268.9156,1.36E-06
271.9245,1.38E-06
274.914,1.40E-06
277.9209,1.42E-06
280.9669,1.45E-06
283.9769,1.47E-06
286.965,1.49E-06
289.9743,1.51E-06
292.9635,1.53E-06
296.0271,1.56E-06
299.0167,1.58E-06
302.0262,1.60E-06
305.0149,1.63E-06
308.0776,1.65E-06
311.066,1.67E-06
314.0751,1.70E-06
317.0812,1.72E-06
320.0687,1.74E-06
323.1158,1.77E-06
326.1221,1.79E-06
329.1303,1.81E-06
332.1187,1.84E-06
335.1254,1.86E-06
338.17,1.89E-06
341.174,1.91E-06
344.1633,1.94E-06
347.1713,1.96E-06
350.1598,1.99E-06
353.2224,2.01E-06
356.2099,2.04E-06
359.2186,2.06E-06
362.2272,2.09E-06
365.2161,2.12E-06
368.2598,2.14E-06
371.2678,2.17E-06
374.273,2.19E-06
377.262,2.22E-06
380.2716,2.25E-06
383.3165,2.27E-06
386.3246,2.30E-06
389.3154,2.33E-06
392.3224,2.36E-06
395.3116,2.38E-06
398.3777,2.41E-06
401.3668,2.44E-06
404.3744,2.47E-06
407.3819,2.50E-06
410.3705,2.52E-06
413.4163,2.55E-06
416.4221,2.58E-06
419.4299,2.61E-06
422.4211,2.64E-06
425.4279,2.67E-06
428.4738,2.70E-06
431.4818,2.73E-06
434.4717,2.76E-06
437.4807,2.79E-06
440.47,2.82E-06
443.5318,2.85E-06
446.5228,2.88E-06
449.5304,2.91E-06
452.5376,2.94E-06
455.5288,2.97E-06
458.5732,3.00E-06
461.5797,3.03E-06
464.586,3.06E-06
467.5757,3.10E-06
470.5834,3.13E-06
473.6284,3.16E-06
476.6352,3.19E-06
479.6253,3.23E-06
482.6331,3.26E-06
485.6383,3.29E-06
488.6842,3.33E-06
491.6666,3.36E-06
494.6772,3.39E-06
497.6827,3.43E-06
500.6734,3.46E-06
503.7177,3.49E-06
506.7244,3.53E-06
509.7319,3.56E-06
512.7216,3.60E-06
515.7288,3.63E-06
518.7729,3.67E-06
521.7801,3.70E-06
524.7701,3.74E-06
527.7756,3.78E-06
530.7838,3.81E-06
533.8302,3.85E-06
536.8216,3.89E-06
539.8291,3.92E-06
542.8372,3.96E-06
545.8264,4.00E-06
548.8737,4.04E-06
551.8811,4.07E-06
554.889,4.11E-06
557.8804,4.15E-06
560.8879,4.19E-06
563.9315,4.23E-06
566.9371,4.27E-06
569.9282,4.31E-06
572.9346,4.35E-06
575.9444,4.39E-06
578.9918,4.43E-06
581.9797,4.47E-06
584.9872,4.51E-06
587.9984,4.55E-06
590.9854,4.59E-06
594.0339,4.63E-06
597.04,4.68E-06
600.0493,4.72E-06
1.007544,3.87E-09
4.012818,9.84E-09
7.020622,1.72E-08
10.06712,2.50E-08
13.05298,3.23E-08
16.06063,3.93E-08
19.06981,4.61E-08
22.05886,5.26E-08
25.11886,6.02E-08
28.10963,6.76E-08
31.117,7.52E-08
34.10474,8.26E-08
37.10919,9.00E-08
40.15348,9.78E-08
43.16329,1.06E-07
46.15052,1.17E-07
49.15695,1.27E-07
52.16578,1.38E-07
55.21102,1.49E-07
58.21588,1.55E-07
61.20414,1.71E-07
64.21207,1.83E-07
67.20079,1.95E-07
70.26233,2.07E-07
73.25152,2.19E-07
76.26191,2.31E-07
79.24922,2.43E-07
82.25669,2.55E-07
85.30381,2.68E-07
88.31175,2.80E-07
91.30058,2.92E-07
94.31123,3.05E-07
97.31842,3.18E-07
100.3644,3.31E-07
103.3713,3.44E-07
106.3616,3.57E-07
109.3699,3.71E-07
112.3551,3.84E-07
115.4182,3.97E-07
118.4096,4.11E-07
121.4171,4.25E-07
124.4062,4.39E-07
127.4157,4.53E-07
130.4616,4.68E-07
133.4692,4.82E-07
136.4588,4.97E-07
139.466,5.12E-07
142.4752,5.27E-07
145.519,5.43E-07
148.527,5.59E-07
151.5182,5.73E-07
154.5243,5.89E-07
157.5146,6.05E-07
160.5786,6.23E-07
163.5656,6.40E-07
166.5736,6.56E-07
169.5628,6.74E-07
172.5697,6.95E-07
175.6144,7.11E-07
178.6228,7.30E-07
181.6117,7.49E-07
184.6178,7.65E-07
187.623,7.86E-07
190.668,8.06E-07
193.675,8.23E-07
196.6634,8.44E-07
199.6716,8.63E-07
202.6602,8.82E-07
205.7236,9.06E-07
208.715,9.22E-07
211.7211,9.43E-07
214.7096,9.63E-07
217.7173,9.81E-07
220.7596,1.00E-06
223.7679,1.02E-06
226.7573,1.04E-06
229.7345,1.05E-06
232.1792,1.05E-06
235.8118,1.05E-06
238.8198,1.07E-06
241.8085,1.09E-06
244.8191,1.11E-06
247.8095,1.13E-06
250.8728,1.15E-06
253.8625,1.17E-06
256.8702,1.19E-06
259.8597,1.21E-06
262.8635,1.23E-06
265.9101,1.25E-06
268.9174,1.27E-06
271.9262,1.29E-06
274.9159,1.31E-06
277.9218,1.33E-06
280.968,1.35E-06
283.9762,1.37E-06
286.9666,1.39E-06
289.9745,1.41E-06
292.9636,1.43E-06
296.0269,1.46E-06
299.0184,1.48E-06
302.026,1.50E-06
305.015,1.52E-06
308.0797,1.54E-06
311.0677,1.57E-06
314.075,1.59E-06
317.0809,1.61E-06
320.071,1.63E-06
323.1169,1.66E-06
326.1225,1.68E-06
329.1299,1.70E-06
332.1194,1.72E-06
335.127,1.75E-06
338.1712,1.77E-06
341.1754,1.79E-06
344.1644,1.82E-06
347.1718,1.84E-06
350.1595,1.87E-06
353.222,1.89E-06
356.2118,1.91E-06
359.2202,1.94E-06
362.2281,1.96E-06
365.2172,1.99E-06
368.261,2.01E-06
371.268,2.04E-06
374.2753,2.06E-06
377.2636,2.09E-06
380.273,2.11E-06
383.3181,2.14E-06
386.3253,2.17E-06
389.3153,2.19E-06
392.3232,2.22E-06
395.3138,2.24E-06
398.3789,2.27E-06
401.3674,2.30E-06
404.3751,2.32E-06
407.3825,2.35E-06
410.3734,2.38E-06
413.4179,2.40E-06
416.4244,2.43E-06
419.4315,2.46E-06
422.4224,2.49E-06
425.429,2.52E-06
428.4741,2.54E-06
431.4826,2.57E-06
434.472,2.60E-06
437.4821,2.63E-06
440.4701,2.66E-06
443.5339,2.69E-06
446.5242,2.72E-06
449.5297,2.75E-06
452.5394,2.77E-06
455.528,2.80E-06
458.5718,2.83E-06
461.5815,2.86E-06
464.5876,2.90E-06
467.5773,2.93E-06
470.5847,2.96E-06
473.6289,2.99E-06
476.6362,3.02E-06
479.6269,3.05E-06
482.6337,3.08E-06
485.6419,3.11E-06
488.6859,3.14E-06
491.6707,3.18E-06
494.6797,3.21E-06
497.6845,3.24E-06
500.6727,3.27E-06
503.7201,3.31E-06
506.7257,3.34E-06
509.7332,3.37E-06
512.7242,3.41E-06
515.7313,3.44E-06
518.7747,3.47E-06
521.7827,3.51E-06
524.7698,3.54E-06
527.778,3.58E-06
530.7863,3.61E-06
533.8328,3.65E-06
536.8223,3.68E-06
539.8289,3.72E-06
542.8385,3.75E-06
545.8282,3.79E-06
548.8756,3.82E-06
551.8835,3.86E-06
554.8896,3.90E-06
557.8799,3.93E-06
560.8894,3.97E-06
563.9336,4.01E-06
566.9374,4.05E-06
569.9287,4.08E-06
572.9359,4.12E-06
575.9459,4.16E-06
578.9916,4.20E-06
581.9809,4.24E-06
584.9891,4.28E-06
587.9977,4.32E-06
590.9866,4.36E-06
594.0316,4.40E-06
597.0396,4.44E-06
600.0495,4.48E-06
1.009896,4.31E-09
4.013748,1.18E-08
7.020504,1.79E-08
10.06669,2.62E-08
13.05297,3.37E-08
16.05951,4.09E-08
19.06853,4.77E-08
22.05936,5.48E-08
25.11843,6.24E-08
28.11022,6.99E-08
31.1161,7.78E-08
34.10551,8.54E-08
37.11003,9.30E-08
40.15462,1.01E-07
43.16171,1.10E-07
46.15106,1.20E-07
49.1576,1.31E-07
52.16614,1.42E-07
55.21193,1.53E-07
58.21613,1.59E-07
61.20523,1.75E-07
64.21105,1.87E-07
67.20177,1.99E-07
70.26381,2.11E-07
73.25211,2.23E-07
76.26087,2.35E-07
79.25106,2.47E-07
82.25858,2.59E-07
85.30547,2.72E-07
88.3128,2.85E-07
91.30116,2.97E-07
94.31191,3.10E-07
97.31899,3.23E-07
100.3652,3.36E-07
103.3726,3.49E-07
106.3626,3.62E-07
109.3703,3.75E-07
112.356,3.89E-07
115.4199,4.02E-07
118.4105,4.16E-07
121.417,4.30E-07
124.4084,4.44E-07
127.4158,4.58E-07
130.462,4.73E-07
133.4705,4.88E-07
136.4592,5.02E-07
139.4674,5.17E-07
142.4746,5.32E-07
145.5193,5.48E-07
148.5277,5.64E-07
151.5181,5.79E-07
154.5254,5.95E-07
157.5146,6.12E-07
160.5777,6.29E-07
163.5662,6.44E-07
166.5743,6.63E-07
169.5637,6.79E-07
172.5713,6.98E-07
175.6168,7.18E-07
178.6237,7.34E-07
181.6124,7.54E-07
184.6199,7.73E-07
187.623,7.91E-07
190.6691,8.13E-07
193.6748,8.30E-07
196.6635,8.49E-07
199.6717,8.71E-07
202.659,8.88E-07
205.7225,9.10E-07
208.7129,9.29E-07
211.7203,9.47E-07
214.71,9.68E-07
217.7167,9.89E-07
220.7604,1.01E-06
223.7681,1.03E-06
226.7566,1.05E-06
229.6765,1.05E-06
231.7704,1.05E-06
235.8112,1.06E-06
238.8191,1.08E-06
241.8097,1.09E-06
244.8181,1.11E-06
247.8081,1.13E-06
250.8723,1.15E-06
253.8619,1.17E-06
256.8708,1.19E-06
259.8582,1.21E-06
262.8631,1.23E-06
265.91,1.25E-06
268.9165,1.27E-06
271.925,1.29E-06
274.915,1.31E-06
277.9227,1.33E-06
280.9682,1.36E-06
283.9759,1.38E-06
286.9662,1.40E-06
289.9738,1.42E-06
292.9622,1.44E-06
296.0276,1.46E-06
299.0174,1.48E-06
302.0259,1.50E-06
305.016,1.53E-06
308.0787,1.55E-06
311.0673,1.57E-06
314.0749,1.59E-06
317.0812,1.62E-06
320.0706,1.64E-06
323.1164,1.66E-06
326.1238,1.68E-06
329.1313,1.71E-06
332.1201,1.73E-06
335.1267,1.75E-06
338.1709,1.78E-06
341.1736,1.80E-06
344.1649,1.82E-06
347.1719,1.85E-06
350.1606,1.87E-06
353.2223,1.89E-06
356.2129,1.92E-06
359.222,1.94E-06
362.2287,1.97E-06
365.2172,1.99E-06
368.262,2.02E-06
371.2691,2.04E-06
374.2749,2.07E-06
377.264,2.09E-06
380.2734,2.12E-06
383.3192,2.14E-06
386.326,2.17E-06
389.3169,2.20E-06
392.3238,2.22E-06
395.3141,2.25E-06
398.3801,2.27E-06
401.3689,2.30E-06
404.3778,2.33E-06
407.3846,2.35E-06
410.3743,2.38E-06
413.4191,2.41E-06
416.4238,2.44E-06
419.4328,2.46E-06
422.4212,2.49E-06
425.4283,2.52E-06
428.4747,2.55E-06
431.4833,2.58E-06
434.4719,2.60E-06
437.4814,2.63E-06
440.47,2.66E-06
443.5336,2.69E-06
446.5241,2.72E-06
449.5314,2.75E-06
452.5385,2.78E-06
455.5294,2.81E-06
458.5727,2.84E-06
461.5804,2.87E-06
464.5883,2.90E-06
467.5771,2.93E-06
470.5847,2.96E-06
473.6306,2.99E-06
476.6357,3.02E-06
479.627,3.05E-06
482.634,3.08E-06
485.6417,3.12E-06
488.6843,3.15E-06
491.6707,3.18E-06
494.6782,3.21E-06
497.6858,3.24E-06
500.6737,3.28E-06
503.7199,3.31E-06
506.7267,3.34E-06
509.7341,3.38E-06
512.7244,3.41E-06
515.73,3.44E-06
518.7749,3.48E-06
521.7817,3.51E-06
524.7708,3.55E-06
527.7785,3.58E-06
530.7853,3.61E-06
533.8309,3.65E-06
536.8209,3.68E-06
539.8285,3.72E-06
542.8378,3.76E-06
545.8276,3.79E-06
548.8742,3.83E-06
551.8835,3.86E-06
554.8911,3.90E-06
557.8802,3.94E-06
560.8905,3.97E-06
563.9349,4.01E-06
566.9396,4.05E-06
569.9295,4.09E-06
572.9362,4.13E-06
575.9454,4.16E-06
578.9921,4.20E-06
581.9797,4.24E-06
584.9883,4.28E-06
587.9979,4.32E-06
590.9877,4.36E-06
594.0345,4.40E-06
597.0413,4.44E-06
600.0503,4.48E-06
1.007762,4.23E-09
4.013531,1.14E-08
7.02066,1.70E-08
10.0648,2.52E-08
13.05243,3.26E-08
16.06089,3.94E-08
19.06961,4.60E-08
22.05961,5.28E-08
25.12043,6.03E-08
28.11069,6.75E-08
31.11584,7.50E-08
34.10628,8.22E-08
37.10955,8.95E-08
40.15419,9.71E-08
43.1625,1.07E-07
46.15003,1.17E-07
49.15583,1.27E-07
52.16498,1.38E-07
55.21093,1.49E-07
58.21636,1.55E-07
61.20452,1.70E-07
64.21127,1.82E-07
67.20045,1.94E-07
70.26259,2.05E-07
73.25174,2.17E-07
76.2613,2.29E-07
79.25003,2.40E-07
82.25786,2.52E-07
85.30448,2.65E-07
88.31114,2.77E-07
91.29967,2.89E-07
94.31114,3.02E-07
97.31827,3.14E-07
100.3647,3.27E-07
103.371,3.40E-07
106.3605,3.53E-07
109.3698,3.66E-07
112.3552,3.79E-07
115.4198,3.92E-07
118.4094,4.05E-07
121.4181,4.19E-07
124.407,4.32E-07
127.4139,4.46E-07
130.4612,4.61E-07
133.4698,4.75E-07
136.4574,4.89E-07
139.4653,5.04E-07
142.4755,5.18E-07
145.5191,5.34E-07
148.5276,5.49E-07
151.518,5.64E-07
154.5249,5.80E-07
157.5151,5.95E-07
160.577,6.12E-07
163.5656,6.28E-07
166.5739,6.43E-07
169.5642,6.61E-07
172.5704,6.79E-07
175.6164,6.97E-07
178.6235,7.17E-07
181.6123,7.33E-07
184.618,7.52E-07
187.6217,7.72E-07
190.6678,7.89E-07
193.6736,8.08E-07
196.662,8.27E-07
199.6714,8.44E-07
202.6591,8.65E-07
205.723,8.86E-07
208.7133,9.02E-07
211.7211,9.25E-07
214.7085,9.43E-07
217.7164,9.63E-07
220.7596,9.86E-07
223.7679,1.00E-06
226.757,1.02E-06
229.7652,1.04E-06
232.7837,1.05E-06
235.8099,1.03E-06
238.8199,1.05E-06
241.8082,1.07E-06
244.8177,1.09E-06
247.8085,1.11E-06
250.8714,1.13E-06
253.8628,1.15E-06
256.8712,1.16E-06
259.8591,1.18E-06
262.8629,1.20E-06
265.9099,1.22E-06
268.9171,1.24E-06
271.9249,1.26E-06
274.9148,1.28E-06
277.9224,1.30E-06
280.9678,1.32E-06
283.9772,1.34E-06
286.9673,1.37E-06
289.9745,1.39E-06
292.9641,1.41E-06
296.028,1.43E-06
299.0177,1.45E-06
302.0255,1.47E-06
305.0144,1.49E-06
308.0782,1.51E-06
311.0661,1.54E-06
314.0742,1.56E-06
317.0797,1.58E-06
320.0701,1.60E-06
323.1155,1.62E-06
326.1226,1.65E-06
329.1299,1.67E-06
332.1197,1.69E-06
335.1266,1.71E-06
338.1697,1.74E-06
341.1758,1.76E-06
344.1635,1.78E-06
347.1711,1.81E-06
350.1595,1.83E-06
353.2224,1.85E-06
356.2116,1.88E-06
359.2191,1.90E-06
362.2278,1.92E-06
365.2182,1.95E-06
368.2616,1.97E-06
371.2701,2.00E-06
374.2759,2.02E-06
377.264,2.05E-06
380.2738,2.07E-06
383.3179,2.10E-06
386.3258,2.12E-06
389.317,2.15E-06
392.3233,2.17E-06
395.3142,2.20E-06
398.3801,2.23E-06
401.3667,2.25E-06
404.377,2.28E-06
407.3847,2.30E-06
410.3732,2.33E-06
413.4193,2.36E-06
416.4242,2.38E-06
419.4324,2.41E-06
422.4216,2.44E-06
425.4275,2.47E-06
428.4749,2.49E-06
431.4815,2.52E-06
434.4727,2.55E-06
437.4822,2.58E-06
440.4706,2.61E-06
443.5344,2.63E-06
446.5242,2.66E-06
449.531,2.69E-06
452.5405,2.72E-06
455.528,2.75E-06
458.5727,2.78E-06
461.5811,2.81E-06
464.5887,2.84E-06
467.5767,2.87E-06
470.5837,2.90E-06
473.6303,2.93E-06
476.6362,2.96E-06
479.6262,2.99E-06
482.634,3.02E-06
485.6416,3.05E-06
488.6853,3.08E-06
491.6709,3.11E-06
494.6786,3.15E-06
497.6843,3.18E-06
500.6728,3.21E-06
503.7192,3.24E-06
506.7245,3.27E-06
509.7322,3.31E-06
512.7237,3.34E-06
515.7302,3.37E-06
518.7762,3.41E-06
521.7833,3.44E-06
524.7711,3.47E-06
527.7794,3.51E-06
530.7861,3.54E-06
533.8317,3.58E-06
536.8212,3.61E-06
539.8278,3.64E-06
542.8394,3.68E-06
545.8276,3.71E-06
548.8738,3.75E-06
551.8839,3.79E-06
554.8907,3.82E-06
557.8806,3.86E-06
560.8909,3.89E-06
563.9342,3.93E-06
566.9388,3.97E-06
569.9292,4.01E-06
572.9357,4.04E-06
575.9448,4.08E-06
578.9898,4.12E-06
581.98,4.16E-06
584.989,4.20E-06
587.9985,4.23E-06
590.9869,4.27E-06
594.0336,4.31E-06
597.0418,4.35E-06
600.0496,4.39E-06
1.008198,3.10E-09
4.014071,1.01E-08
7.020038,1.50E-08
10.06687,2.19E-08
13.05425,2.85E-08
16.06352,3.50E-08
19.07143,4.19E-08
22.06,4.89E-08
25.12105,5.61E-08
28.11227,6.31E-08
31.11853,7.00E-08
34.10671,7.66E-08
37.11141,8.47E-08
40.15579,9.42E-08
43.16273,1.04E-07
46.153,1.14E-07
49.15911,1.24E-07
52.16812,1.35E-07
55.21193,1.45E-07
58.21743,1.51E-07
61.20604,1.66E-07
64.21288,1.77E-07
67.20296,1.88E-07
70.26511,2.00E-07
73.25343,2.11E-07
76.26236,2.22E-07
79.25056,2.33E-07
82.25896,2.45E-07
85.30547,2.57E-07
88.31168,2.69E-07
91.30253,2.81E-07
94.31321,2.93E-07
97.31996,3.05E-07
100.3648,3.17E-07
103.3727,3.30E-07
106.3617,3.42E-07
109.3707,3.55E-07
112.3564,3.68E-07
115.4196,3.80E-07
118.4092,3.94E-07
121.4171,4.06E-07
124.4079,4.19E-07
127.4145,4.33E-07
130.4613,4.47E-07
133.471,4.60E-07
136.4589,4.74E-07
139.4657,4.89E-07
142.4766,5.02E-07
145.5199,5.17E-07
148.5282,5.32E-07
151.5185,5.46E-07
154.526,5.62E-07
157.5154,5.76E-07
160.5777,5.92E-07
163.5663,6.08E-07
166.5747,6.24E-07
169.5639,6.39E-07
172.571,6.57E-07
175.6167,6.74E-07
178.6232,6.91E-07
181.6128,7.10E-07
184.6206,7.26E-07
187.6226,7.45E-07
190.6687,7.64E-07
193.6757,7.80E-07
196.6625,8.00E-07
199.6723,8.18E-07
202.6595,8.36E-07
205.7237,8.59E-07
208.713,8.75E-07
211.7212,8.94E-07
214.7103,9.15E-07
217.7182,9.32E-07
220.762,9.53E-07
223.7681,9.72E-07
226.7584,9.89E-07
229.7661,1.01E-06
232.7755,1.03E-06
235.8205,1.05E-06
238.6995,1.05E-06
240.8714,1.05E-06
244.8175,1.06E-06
247.8084,1.07E-06
250.8729,1.09E-06
253.862,1.11E-06
256.8702,1.13E-06
259.8597,1.15E-06
262.8636,1.17E-06
265.9093,1.19E-06
268.9177,1.21E-06
271.9255,1.23E-06
274.9146,1.25E-06
277.9232,1.27E-06
280.9682,1.29E-06
283.9778,1.31E-06
286.9675,1.33E-06
289.9753,1.35E-06
292.9642,1.37E-06
296.026,1.39E-06
299.0169,1.41E-06
302.0258,1.43E-06
305.0161,1.45E-06
308.0789,1.47E-06
311.067,1.49E-06
314.0752,1.51E-06
317.0813,1.54E-06
320.0721,1.56E-06
323.1167,1.58E-06
326.1242,1.60E-06
329.1309,1.62E-06
332.1197,1.64E-06
335.1262,1.67E-06
338.1717,1.69E-06
341.1762,1.71E-06
344.1635,1.73E-06
347.1729,1.76E-06
350.161,1.78E-06
353.2229,1.80E-06
356.2127,1.83E-06
359.2216,1.85E-06
362.2299,1.87E-06
365.2187,1.90E-06
368.2623,1.92E-06
371.2709,1.94E-06
374.277,1.97E-06
377.2645,1.99E-06
380.2732,2.02E-06
383.3178,2.04E-06
386.3264,2.07E-06
389.3163,2.09E-06
392.3243,2.12E-06
395.315,2.14E-06
398.3801,2.17E-06
401.3681,2.19E-06
404.3766,2.22E-06
407.3842,2.24E-06
410.3737,2.27E-06
413.4192,2.30E-06
416.4234,2.32E-06
419.4313,2.35E-06
422.4224,2.38E-06
425.428,2.40E-06
428.4741,2.43E-06
431.4826,2.46E-06
434.4732,2.48E-06
437.4821,2.51E-06
440.4695,2.54E-06
443.5348,2.57E-06
446.5234,2.60E-06
449.5302,2.62E-06
452.5388,2.65E-06
455.5297,2.68E-06
458.5736,2.71E-06
461.5821,2.74E-06
464.5871,2.77E-06
467.5767,2.80E-06
470.5848,2.83E-06
473.6307,2.86E-06
476.6368,2.89E-06
479.6272,2.92E-06
482.6337,2.95E-06
485.6418,2.98E-06
488.6842,3.01E-06
491.6701,3.04E-06
494.6788,3.07E-06
497.6845,3.10E-06
500.6735,3.13E-06
503.7183,3.16E-06
506.7273,3.19E-06
509.7322,3.23E-06
512.7238,3.26E-06
515.7307,3.29E-06
518.7752,3.32E-06
521.7815,3.36E-06
524.7722,3.39E-06
527.7786,3.42E-06
530.786,3.45E-06
533.8301,3.49E-06
536.8231,3.52E-06
539.8303,3.56E-06
542.8388,3.59E-06
545.8284,3.62E-06
548.8751,3.66E-06
551.8836,3.69E-06
554.8902,3.73E-06
557.8811,3.77E-06
560.8904,3.80E-06
563.9346,3.84E-06
566.9382,3.87E-06
569.9299,3.91E-06
572.9363,3.95E-06
575.9462,3.98E-06
578.9902,4.02E-06
581.9811,4.06E-06
584.9883,4.10E-06
587.9969,4.13E-06
590.9855,4.17E-06
594.0322,4.21E-06
597.0424,4.25E-06
600.0498,4.29E-06
1.008744,3.40E-09
4.013517,9.87E-09
7.02075,1.45E-08
10.06643,2.14E-08
13.05381,2.82E-08
16.06302,3.46E-08
19.06988,4.14E-08
22.05927,4.84E-08
25.11951,5.56E-08
28.11178,6.24E-08
31.11827,6.94E-08
34.10489,7.62E-08
37.10892,8.37E-08
40.15445,9.32E-08
43.16248,1.03E-07
46.15174,1.13E-07
49.15734,1.23E-07
52.16444,1.33E-07
55.20963,1.44E-07
58.21612,1.49E-07
61.20571,1.64E-07
64.21215,1.76E-07
67.20111,1.87E-07
70.26418,1.98E-07
73.25304,2.09E-07
76.26196,2.20E-07
79.25105,2.31E-07
82.25993,2.43E-07
85.30531,2.55E-07
88.31156,2.66E-07
91.30171,2.78E-07
94.31277,2.90E-07
97.3202,3.02E-07
100.3647,3.15E-07
103.3729,3.27E-07
106.3625,3.40E-07
109.3707,3.52E-07
112.3564,3.65E-07
115.42,3.77E-07
118.4101,3.90E-07
121.4181,4.03E-07
124.4073,4.16E-07
127.4158,4.29E-07
130.462,4.43E-07
133.4718,4.57E-07
136.4595,4.70E-07
139.4665,4.85E-07
142.4764,4.98E-07
145.52,5.13E-07
148.528,5.27E-07
151.5172,5.42E-07
154.5257,5.58E-07
157.5151,5.72E-07
160.577,5.88E-07
163.5661,6.03E-07
166.5744,6.18E-07
169.5647,6.35E-07
172.5715,6.51E-07
175.6165,6.68E-07
178.6236,6.86E-07
181.6134,7.02E-07
184.62,7.20E-07
187.6232,7.41E-07
190.6678,7.58E-07
193.6746,7.75E-07
196.6647,7.95E-07
199.6722,8.11E-07
202.659,8.30E-07
205.7242,8.51E-07
208.7153,8.66E-07
211.7208,8.87E-07
214.7106,9.05E-07
217.7171,9.25E-07
220.7616,9.47E-07
223.7681,9.64E-07
226.7591,9.83E-07
229.7669,1.00E-06
232.7758,1.02E-06
235.8205,1.04E-06
238.8251,1.05E-06
241.3226,1.05E-06
244.819,1.05E-06
247.8099,1.07E-06
250.8723,1.09E-06
253.8618,1.10E-06
256.8701,1.12E-06
259.8603,1.14E-06
262.8625,1.16E-06
265.9107,1.18E-06
268.9169,1.20E-06
271.925,1.22E-06
274.9153,1.24E-06
277.9231,1.26E-06
280.9672,1.28E-06
283.9753,1.30E-06
286.9673,1.32E-06
289.9751,1.34E-06
292.9631,1.36E-06
296.0262,1.38E-06
299.0178,1.40E-06
302.0249,1.42E-06
305.0147,1.44E-06
308.0772,1.46E-06
311.0672,1.48E-06
314.074,1.50E-06
317.0819,1.52E-06
320.0712,1.55E-06
323.1168,1.57E-06
326.1227,1.59E-06
329.1306,1.61E-06
332.1197,1.63E-06
335.1262,1.65E-06
338.1717,1.68E-06
341.1751,1.70E-06
344.1652,1.72E-06
347.1711,1.74E-06
350.1603,1.77E-06
353.2233,1.79E-06
356.2129,1.81E-06
359.2227,1.84E-06
362.2297,1.86E-06
365.2189,1.88E-06
368.2632,1.91E-06
371.2703,1.93E-06
374.2753,1.95E-06
377.2654,1.98E-06
380.2742,2.00E-06
383.3183,2.03E-06
386.3281,2.05E-06
389.3185,2.08E-06
392.3246,2.10E-06
395.3144,2.13E-06
398.3812,2.15E-06
401.3692,2.18E-06
404.378,2.20E-06
407.3853,2.23E-06
410.3734,2.25E-06
413.4192,2.28E-06
416.4245,2.31E-06
419.4338,2.33E-06
422.4223,2.36E-06
425.4292,2.38E-06
428.4747,2.41E-06
431.4833,2.44E-06
434.4735,2.47E-06
437.4828,2.49E-06
440.4709,2.52E-06
443.5351,2.55E-06
446.5243,2.58E-06
449.53,2.60E-06
452.539,2.63E-06
455.5292,2.66E-06
458.5728,2.69E-06
461.5824,2.72E-06
464.5883,2.75E-06
467.5767,2.77E-06
470.5828,2.80E-06
473.6294,2.83E-06
476.6365,2.86E-06
479.6267,2.89E-06
482.6316,2.92E-06
485.6414,2.95E-06
488.6853,2.98E-06
491.671,3.01E-06
494.6793,3.04E-06
497.6849,3.07E-06
500.6747,3.11E-06
503.7198,3.14E-06
506.7255,3.17E-06
509.7325,3.20E-06
512.7248,3.23E-06
515.7315,3.26E-06
518.7761,3.30E-06
521.7827,3.33E-06
524.7723,3.36E-06
527.7794,3.39E-06
530.7844,3.43E-06
533.8311,3.46E-06
536.823,3.49E-06
539.8286,3.53E-06
542.8395,3.56E-06
545.8301,3.59E-06
548.8745,3.63E-06
551.8833,3.66E-06
554.8902,3.70E-06
557.8795,3.73E-06
560.8898,3.77E-06
563.9332,3.80E-06
566.9385,3.84E-06
569.9274,3.88E-06
572.9374,3.91E-06
575.947,3.95E-06
578.9926,3.99E-06
581.9803,4.02E-06
584.9869,4.06E-06
587.9973,4.10E-06
590.9861,4.14E-06
594.033,4.17E-06
597.0416,4.21E-06
600.0488,4.25E-06
1.007158,4.20E-09
4.012585,1.24E-08
7.020363,1.78E-08
10.06626,2.60E-08
13.05369,3.35E-08
16.06252,4.06E-08
19.07115,4.75E-08
22.05758,5.48E-08
25.12111,6.25E-08
28.10951,6.99E-08
31.11706,7.75E-08
34.1063,8.46E-08
37.10988,9.22E-08
40.1537,1.01E-07
43.1628,1.11E-07
46.15096,1.21E-07
49.1563,1.32E-07
52.16581,1.43E-07
55.21161,1.54E-07
58.21709,1.60E-07
61.20541,1.76E-07
64.21243,1.88E-07
67.20216,1.99E-07
70.26456,2.11E-07
73.25251,2.23E-07
76.26171,2.35E-07
79.25066,2.46E-07
82.25898,2.59E-07
85.30612,2.71E-07
88.31239,2.83E-07
91.30164,2.96E-07
94.31197,3.08E-07
97.32008,3.21E-07
100.3652,3.34E-07
103.3721,3.47E-07
106.3621,3.60E-07
109.3702,3.73E-07
112.3564,3.86E-07
115.4201,3.99E-07
118.4105,4.12E-07
121.4173,4.26E-07
124.408,4.40E-07
127.4162,4.54E-07
130.4621,4.68E-07
133.4705,4.83E-07
136.4596,4.97E-07
139.4672,5.12E-07
142.4763,5.27E-07
145.5201,5.42E-07
148.5277,5.57E-07
151.5194,5.73E-07
154.5252,5.88E-07
157.5136,6.04E-07
160.5786,6.21E-07
163.5656,6.36E-07
166.5727,6.54E-07
169.5632,6.71E-07
172.5704,6.88E-07
175.6161,7.10E-07
178.6239,7.26E-07
181.6118,7.43E-07
184.6198,7.65E-07
187.6229,7.81E-07
190.6689,8.01E-07
193.6753,8.20E-07
196.6639,8.37E-07
199.6714,8.58E-07
202.6586,8.76E-07
205.7243,8.97E-07
208.7145,9.17E-07
211.7209,9.36E-07
214.711,9.55E-07
217.7173,9.77E-07
220.7616,9.95E-07
223.7688,1.01E-06
226.7587,1.03E-06
229.7745,1.05E-06
232.5047,1.05E-06
235.8114,1.04E-06
238.8193,1.06E-06
241.8098,1.08E-06
244.8179,1.10E-06
247.8088,1.12E-06
250.872,1.14E-06
253.8625,1.16E-06
256.8714,1.18E-06
259.8596,1.20E-06
262.8642,1.22E-06
265.9112,1.24E-06
268.916,1.26E-06
271.9264,1.28E-06
274.9155,1.30E-06
277.9235,1.32E-06
280.9692,1.34E-06
283.9775,1.36E-06
286.9658,1.38E-06
289.9756,1.40E-06
292.9627,1.42E-06
296.0271,1.44E-06
299.0163,1.46E-06
302.0255,1.48E-06
305.0154,1.51E-06
308.078,1.53E-06
311.0665,1.55E-06
314.075,1.57E-06
317.0809,1.59E-06
320.0721,1.62E-06
323.1167,1.64E-06
326.1243,1.66E-06
329.1313,1.68E-06
332.1217,1.71E-06
335.1273,1.73E-06
338.1708,1.75E-06
341.1764,1.77E-06
344.1647,1.80E-06
347.1731,1.82E-06
350.161,1.84E-06
353.2239,1.87E-06
356.2136,1.89E-06
359.221,1.92E-06
362.2296,1.94E-06
365.2173,1.96E-06
368.2617,1.99E-06
371.2708,2.01E-06
374.2767,2.04E-06
377.2651,2.06E-06
380.2741,2.09E-06
383.3194,2.11E-06
386.3266,2.14E-06
389.3167,2.16E-06
392.3243,2.19E-06
395.3142,2.22E-06
398.3808,2.24E-06
401.3687,2.27E-06
404.3766,2.29E-06
407.3843,2.32E-06
410.3725,2.35E-06
413.4193,2.37E-06
416.424,2.40E-06
419.4328,2.43E-06
422.422,2.46E-06
425.4299,2.48E-06
428.4754,2.51E-06
431.4821,2.54E-06
434.4741,2.57E-06
437.481,2.59E-06
440.4695,2.62E-06
443.5336,2.65E-06
446.5232,2.68E-06
449.5304,2.71E-06
452.5396,2.74E-06
455.5306,2.77E-06
458.5739,2.80E-06
461.5802,2.83E-06
464.5882,2.86E-06
467.5775,2.89E-06
470.5843,2.92E-06
473.6307,2.95E-06
476.6356,2.98E-06
479.6269,3.01E-06
482.6331,3.04E-06
485.6421,3.07E-06
488.6855,3.10E-06
491.6703,3.13E-06
494.6801,3.17E-06
497.6859,3.20E-06
500.6741,3.23E-06
503.7199,3.26E-06
506.7263,3.29E-06
509.7332,3.33E-06
512.7243,3.36E-06
515.7305,3.39E-06
518.7758,3.43E-06
521.7827,3.46E-06
524.7722,3.49E-06
527.7798,3.53E-06
530.7869,3.56E-06
533.8334,3.60E-06
536.8232,3.63E-06
539.8304,3.67E-06
542.8384,3.70E-06
545.8289,3.74E-06
548.875,3.77E-06
551.8837,3.81E-06
554.8919,3.84E-06
557.882,3.88E-06
560.8901,3.92E-06
563.9342,3.95E-06
566.9372,3.99E-06
569.9307,4.03E-06
572.9373,4.07E-06
575.9465,4.10E-06
578.9922,4.14E-06
581.9807,4.18E-06
584.9893,4.22E-06
587.9979,4.26E-06
590.9865,4.30E-06
594.033,4.34E-06
597.0418,4.38E-06
600.0483,4.42E-06
1.008414,4.48E-09
4.014819,1.33E-08
7.019856,1.86E-08
10.06651,2.69E-08
13.0541,3.46E-08
16.06397,4.19E-08
19.07272,4.90E-08
22.05977,5.64E-08
25.11987,6.42E-08
28.1104,7.18E-08
31.11698,7.97E-08
34.10679,8.73E-08
37.11098,9.50E-08
40.1549,1.03E-07
43.16299,1.13E-07
46.15021,1.24E-07
49.15801,1.35E-07
52.16728,1.46E-07
55.21175,1.57E-07
58.21652,1.64E-07
61.20596,1.80E-07
64.21283,1.92E-07
67.2018,2.03E-07
70.26435,2.16E-07
73.25278,2.27E-07
76.26267,2.40E-07
79.25148,2.52E-07
82.25882,2.64E-07
85.30509,2.77E-07
88.31244,2.89E-07
91.30198,3.02E-07
94.31284,3.15E-07
97.32028,3.28E-07
100.3652,3.41E-07
103.3735,3.54E-07
106.3628,3.68E-07
109.3707,3.81E-07
112.3566,3.94E-07
115.4197,4.08E-07
118.4102,4.21E-07
121.418,4.35E-07
124.4072,4.49E-07
127.416,4.64E-07
130.4618,4.79E-07
133.472,4.93E-07
136.4596,5.08E-07
139.4666,5.23E-07
142.4759,5.39E-07
145.5196,5.55E-07
148.5281,5.70E-07
151.5188,5.86E-07
154.5265,6.02E-07
157.5148,6.17E-07
160.5772,6.36E-07
163.5673,6.52E-07
166.5738,6.69E-07
169.5637,6.88E-07
172.5716,7.06E-07
175.6165,7.25E-07
178.6234,7.45E-07
181.6128,7.61E-07
184.62,7.81E-07
187.6236,8.01E-07
190.6694,8.19E-07
193.6753,8.38E-07
196.6637,8.58E-07
199.6728,8.76E-07
202.6609,8.97E-07
205.7236,9.18E-07
208.7135,9.36E-07
211.7213,9.59E-07
214.7102,9.77E-07
217.7189,9.97E-07
220.7622,1.02E-06
223.77,1.04E-06
226.7731,1.05E-06
229.4819,1.05E-06
232.7668,1.04E-06
235.8118,1.06E-06
238.8206,1.08E-06
241.81,1.10E-06
244.8198,1.12E-06
247.8092,1.14E-06
250.8735,1.16E-06
253.8614,1.18E-06
256.8709,1.20E-06
259.8582,1.22E-06
262.8634,1.24E-06
265.9103,1.26E-06
268.9171,1.28E-06
271.9255,1.30E-06
274.9155,1.32E-06
277.923,1.34E-06
280.9674,1.36E-06
283.9761,1.39E-06
286.9667,1.41E-06
289.9753,1.43E-06
292.9638,1.45E-06
296.0274,1.47E-06
299.0177,1.49E-06
302.0259,1.51E-06
305.0149,1.54E-06
308.0773,1.56E-06
311.067,1.58E-06
314.0754,1.60E-06
317.0802,1.62E-06
320.0697,1.65E-06
323.1172,1.67E-06
326.1244,1.69E-06
329.1311,1.72E-06
332.1208,1.74E-06
335.1266,1.76E-06
338.1721,1.79E-06
341.1754,1.81E-06
344.1651,1.83E-06
347.1728,1.86E-06
350.1615,1.88E-06
353.2241,1.90E-06
356.2137,1.93E-06
359.2221,1.95E-06
362.2293,1.98E-06
365.218,2.00E-06
368.2621,2.03E-06
371.2699,2.05E-06
374.2753,2.08E-06
377.2654,2.10E-06
380.275,2.13E-06
383.3187,2.15E-06
386.3278,2.18E-06
389.3181,2.21E-06
392.3249,2.23E-06
395.3154,2.26E-06
398.3808,2.28E-06
401.369,2.31E-06
404.3771,2.34E-06
407.3856,2.36E-06
410.3739,2.39E-06
413.4201,2.42E-06
416.4231,2.45E-06
419.4325,2.47E-06
422.4212,2.50E-06
425.4295,2.53E-06
428.4734,2.56E-06
431.4837,2.59E-06
434.472,2.61E-06
437.4823,2.64E-06
440.4711,2.67E-06
443.5344,2.70E-06
446.5242,2.73E-06
449.5313,2.76E-06
452.5368,2.79E-06
455.5287,2.82E-06
458.5721,2.85E-06
461.5813,2.88E-06
464.5882,2.91E-06
467.5764,2.94E-06
470.5845,2.97E-06
473.6308,3.00E-06
476.6356,3.03E-06
479.6256,3.06E-06
482.6333,3.09E-06
485.641,3.13E-06
488.6862,3.16E-06
491.6716,3.19E-06
494.6786,3.22E-06
497.685,3.25E-06
500.6739,3.29E-06
503.7199,3.32E-06
506.7273,3.35E-06
509.7339,3.39E-06
512.7236,3.42E-06
515.7299,3.45E-06
518.7762,3.49E-06
521.7817,3.52E-06
524.7701,3.55E-06
527.779,3.59E-06
530.7868,3.62E-06
533.8312,3.66E-06
536.8215,3.69E-06
539.8312,3.73E-06
542.8381,3.76E-06
545.829,3.80E-06
548.8758,3.84E-06
551.8851,3.87E-06
554.8917,3.91E-06
557.8812,3.95E-06
560.8905,3.98E-06
563.9346,4.02E-06
566.9387,4.06E-06
569.9305,4.10E-06
572.9365,4.13E-06
575.9453,4.17E-06
578.9918,4.21E-06
581.9804,4.25E-06
584.9885,4.29E-06
587.9987,4.33E-06
590.9866,4.37E-06
594.0335,4.41E-06
597.0394,4.45E-06
600.0482,4.49E-06
