Voltage,Current
545.2415,1.04E-05
550.5257,4.05E-06
551.0267,4.05E-06
551.5286,4.06E-06
552.0283,4.06E-06
552.5309,4.07E-06
553.0318,4.08E-06
553.5347,4.08E-06
554.0364,4.09E-06
554.5375,4.09E-06
555.0753,4.10E-06
555.5773,4.11E-06
556.0782,4.11E-06
556.5791,4.12E-06
557.0797,4.13E-06
557.5803,4.13E-06
558.0832,4.14E-06
558.5849,4.14E-06
559.0859,4.15E-06
559.5881,4.16E-06
560.0884,4.16E-06
560.5896,4.17E-06
561.0921,4.18E-06
561.593,4.18E-06
562.0943,4.19E-06
562.5768,4.20E-06
563.0781,4.20E-06
563.58,4.21E-06
564.0807,4.22E-06
564.5826,4.22E-06
565.1399,4.23E-06
565.6411,4.24E-06
566.1435,4.24E-06
566.645,4.25E-06
567.1418,4.25E-06
567.6247,4.26E-06
568.1261,4.27E-06
568.628,4.27E-06
569.1287,4.28E-06
569.6321,4.29E-06
570.1329,4.29E-06
570.6342,4.30E-06
571.1341,4.31E-06
571.6365,4.31E-06
572.1376,4.32E-06
572.6399,4.33E-06
573.1406,4.33E-06
573.6412,4.34E-06
574.1437,4.35E-06
574.6453,4.35E-06
575.1824,4.36E-06
575.6838,4.37E-06
576.1859,4.37E-06
576.6864,4.38E-06
577.1882,4.39E-06
577.6905,4.39E-06
578.1897,4.40E-06
578.6926,4.41E-06
579.1939,4.41E-06
579.6964,4.42E-06
580.1785,4.43E-06
580.6794,4.43E-06
581.1812,4.44E-06
581.6824,4.45E-06
582.1843,4.45E-06
582.6843,4.46E-06
583.1854,4.47E-06
583.6888,4.48E-06
584.1905,4.48E-06
584.6907,4.49E-06
585.2288,4.50E-06
585.73,4.50E-06
586.2324,4.51E-06
586.7351,4.52E-06
587.2357,4.52E-06
587.736,4.53E-06
588.2379,4.54E-06
588.7408,4.54E-06
589.2432,4.55E-06
589.744,4.56E-06
590.2439,4.56E-06
590.7431,4.57E-06
591.2473,4.58E-06
591.7488,4.59E-06
592.2505,4.59E-06
592.7317,4.60E-06
593.2342,4.61E-06
593.7338,4.61E-06
594.2358,4.62E-06
594.7374,4.63E-06
595.2943,4.64E-06
595.7949,4.64E-06
596.2964,4.65E-06
596.7982,4.66E-06
597.2994,4.66E-06
597.7828,4.67E-06
598.2848,4.68E-06
598.7856,4.68E-06
599.2891,4.69E-06
599.788,4.70E-06
600.2899,4.71E-06
600.7905,4.71E-06
601.2921,4.72E-06
601.7921,4.73E-06
602.2947,4.73E-06
602.7953,4.74E-06
603.2989,4.75E-06
603.7996,4.76E-06
604.3018,4.76E-06
604.8013,4.77E-06
605.3395,4.78E-06
605.8418,4.78E-06
606.3419,4.79E-06
606.8448,4.80E-06
607.3479,4.81E-06
607.8477,4.81E-06
608.3476,4.82E-06
608.8508,4.83E-06
609.351,4.84E-06
609.852,4.84E-06
610.3342,4.85E-06
610.8349,4.86E-06
611.3364,4.86E-06
611.8385,4.87E-06
612.3398,4.88E-06
612.8391,4.89E-06
613.3409,4.89E-06
613.8428,4.90E-06
614.3431,4.91E-06
614.8447,4.92E-06
615.4033,4.92E-06
615.8838,4.93E-06
616.3872,4.94E-06
616.888,4.95E-06
617.3879,4.95E-06
617.8903,4.96E-06
618.3925,4.97E-06
618.8921,4.98E-06
619.3923,4.98E-06
619.8959,4.99E-06
620.3967,5.00E-06
620.8973,5.01E-06
621.3981,5.01E-06
621.9,5.02E-06
622.4008,5.03E-06
622.9016,5.04E-06
623.3842,5.05E-06
623.8856,5.05E-06
624.3882,5.06E-06
624.8899,5.07E-06
625.4464,5.08E-06
625.9476,5.08E-06
626.4503,5.09E-06
626.951,5.10E-06
627.449,5.11E-06
627.9534,5.12E-06
628.4368,5.12E-06
628.9369,5.13E-06
629.4354,5.14E-06
629.9387,5.15E-06
630.4398,5.15E-06
630.9416,5.16E-06
631.4425,5.17E-06
631.9442,5.18E-06
632.4437,5.19E-06
632.9459,5.19E-06
633.4471,5.20E-06
633.9476,5.21E-06
634.45,5.22E-06
634.9493,5.23E-06
635.4883,5.24E-06
635.9908,5.24E-06
636.4918,5.25E-06
636.993,5.26E-06
637.4952,5.27E-06
637.9954,5.28E-06
638.4936,5.28E-06
638.9969,5.29E-06
639.4973,5.30E-06
639.9991,5.31E-06
640.4993,5.32E-06
640.9833,5.33E-06
641.4844,5.33E-06
641.9834,5.34E-06
642.4858,5.35E-06
642.9841,5.36E-06
643.4879,5.37E-06
643.9846,5.38E-06
644.4882,5.39E-06
644.9888,5.40E-06
645.5467,5.41E-06
646.0298,5.41E-06
646.5305,5.42E-06
647.0311,5.43E-06
647.5333,5.44E-06
648.0331,5.45E-06
648.5339,5.46E-06
649.0356,5.47E-06
649.5367,5.48E-06
650.0394,5.49E-06
545.1473,1.04E-05
550.5273,4.00E-06
551.03,4.01E-06
551.53,4.01E-06
552.0304,4.02E-06
552.5323,4.02E-06
553.0308,4.03E-06
553.535,4.04E-06
554.036,4.04E-06
554.5376,4.05E-06
555.0768,4.05E-06
555.5787,4.06E-06
556.0775,4.07E-06
556.5811,4.07E-06
557.0821,4.08E-06
557.5815,4.08E-06
558.0844,4.09E-06
558.5859,4.10E-06
559.0872,4.10E-06
559.5867,4.11E-06
560.0903,4.12E-06
560.5912,4.12E-06
561.0936,4.13E-06
561.5944,4.13E-06
562.096,4.14E-06
562.5774,4.15E-06
563.0782,4.15E-06
563.5798,4.16E-06
564.0814,4.17E-06
564.5841,4.17E-06
565.1418,4.18E-06
565.6427,4.19E-06
566.1434,4.19E-06
566.6459,4.20E-06
567.1408,4.21E-06
567.6274,4.21E-06
568.1284,4.22E-06
568.6292,4.22E-06
569.1295,4.23E-06
569.6304,4.24E-06
570.1338,4.24E-06
570.6346,4.25E-06
571.1361,4.26E-06
571.6357,4.26E-06
572.1365,4.27E-06
572.6384,4.28E-06
573.1429,4.28E-06
573.6412,4.29E-06
574.1456,4.30E-06
574.6446,4.30E-06
575.183,4.31E-06
575.685,4.32E-06
576.1876,4.32E-06
576.6878,4.33E-06
577.189,4.34E-06
577.6907,4.34E-06
578.1904,4.35E-06
578.6913,4.36E-06
579.1934,4.36E-06
579.6968,4.37E-06
580.1778,4.37E-06
580.6795,4.38E-06
581.1821,4.39E-06
581.6819,4.39E-06
582.1832,4.40E-06
582.6839,4.41E-06
583.1866,4.41E-06
583.6876,4.42E-06
584.1879,4.43E-06
584.6915,4.43E-06
585.2293,4.44E-06
585.7305,4.45E-06
586.2319,4.46E-06
586.7346,4.46E-06
587.2352,4.47E-06
587.7365,4.48E-06
588.2381,4.48E-06
588.7411,4.49E-06
589.2412,4.50E-06
589.7433,4.50E-06
590.2458,4.51E-06
590.7455,4.52E-06
591.2455,4.52E-06
591.748,4.53E-06
592.2501,4.54E-06
592.7308,4.54E-06
593.2328,4.55E-06
593.7359,4.56E-06
594.2394,4.56E-06
594.7386,4.57E-06
595.2946,4.58E-06
595.7948,4.58E-06
596.2988,4.59E-06
596.799,4.60E-06
597.3007,4.61E-06
597.7851,4.61E-06
598.2835,4.62E-06
598.7866,4.63E-06
599.2868,4.63E-06
599.7878,4.64E-06
600.2903,4.65E-06
600.791,4.65E-06
601.2925,4.66E-06
601.7948,4.67E-06
602.2961,4.67E-06
602.7969,4.68E-06
603.2985,4.69E-06
603.8005,4.70E-06
604.3005,4.70E-06
604.8017,4.71E-06
605.3412,4.72E-06
605.8423,4.72E-06
606.3436,4.73E-06
606.8448,4.74E-06
607.3444,4.75E-06
607.849,4.75E-06
608.3495,4.76E-06
608.8512,4.77E-06
609.3505,4.77E-06
609.8508,4.78E-06
610.3343,4.79E-06
610.8348,4.80E-06
611.337,4.80E-06
611.8376,4.81E-06
612.3405,4.82E-06
612.8397,4.82E-06
613.3414,4.83E-06
613.8444,4.84E-06
614.3455,4.85E-06
614.8441,4.85E-06
615.4039,4.86E-06
615.8848,4.87E-06
616.3881,4.88E-06
616.8887,4.88E-06
617.3905,4.89E-06
617.8914,4.90E-06
618.3918,4.91E-06
618.8908,4.91E-06
619.3925,4.92E-06
619.8951,4.93E-06
620.3955,4.94E-06
620.8959,4.94E-06
621.3973,4.95E-06
621.8995,4.96E-06
622.4011,4.97E-06
622.902,4.97E-06
623.3838,4.98E-06
623.8851,4.99E-06
624.3897,5.00E-06
624.8901,5.00E-06
625.4443,5.01E-06
625.9468,5.02E-06
626.4487,5.03E-06
626.9508,5.03E-06
627.4524,5.04E-06
627.9532,5.05E-06
628.4362,5.06E-06
628.9351,5.06E-06
629.4359,5.07E-06
629.9398,5.08E-06
630.4379,5.09E-06
630.9397,5.10E-06
631.4429,5.10E-06
631.9449,5.11E-06
632.4435,5.12E-06
632.9446,5.13E-06
633.4479,5.13E-06
633.9478,5.14E-06
634.45,5.15E-06
634.9512,5.16E-06
635.4902,5.17E-06
635.9922,5.18E-06
636.4933,5.18E-06
636.994,5.19E-06
637.496,5.20E-06
637.9972,5.21E-06
638.4954,5.22E-06
638.9954,5.22E-06
639.4978,5.23E-06
639.9971,5.24E-06
640.4991,5.25E-06
640.9849,5.26E-06
641.4852,5.27E-06
641.9867,5.27E-06
642.4878,5.28E-06
642.9854,5.29E-06
643.4856,5.30E-06
643.988,5.31E-06
644.4893,5.32E-06
644.9902,5.33E-06
645.548,5.33E-06
646.0308,5.34E-06
646.5313,5.35E-06
647.0335,5.36E-06
647.5341,5.37E-06
648.0352,5.38E-06
648.5358,5.39E-06
649.0375,5.40E-06
649.5369,5.41E-06
650.0386,5.42E-06
545.3868,1.04E-05
550.5273,3.85E-06
551.0282,3.85E-06
551.5303,3.86E-06
552.0292,3.86E-06
552.5319,3.87E-06
553.0339,3.88E-06
553.5345,3.88E-06
554.0368,3.89E-06
554.5367,3.89E-06
555.0765,3.90E-06
555.5789,3.91E-06
556.0786,3.91E-06
556.5804,3.92E-06
557.0829,3.92E-06
557.5829,3.93E-06
558.0837,3.94E-06
558.5852,3.94E-06
559.0856,3.95E-06
559.5865,3.95E-06
560.0909,3.96E-06
560.5926,3.97E-06
561.0941,3.97E-06
561.5948,3.98E-06
562.0962,3.99E-06
562.5781,3.99E-06
563.0783,4.00E-06
563.5803,4.00E-06
564.0814,4.01E-06
564.5831,4.02E-06
565.1408,4.02E-06
565.6423,4.03E-06
566.1431,4.04E-06
566.645,4.04E-06
567.1429,4.05E-06
567.6261,4.05E-06
568.1264,4.06E-06
568.6281,4.07E-06
569.1284,4.07E-06
569.6324,4.08E-06
570.1337,4.09E-06
570.6348,4.09E-06
571.1362,4.10E-06
571.6378,4.10E-06
572.1383,4.11E-06
572.6401,4.12E-06
573.1395,4.12E-06
573.6429,4.13E-06
574.1433,4.14E-06
574.6432,4.14E-06
575.1833,4.15E-06
575.684,4.16E-06
576.1859,4.16E-06
576.6879,4.17E-06
577.1885,4.17E-06
577.6905,4.18E-06
578.1932,4.19E-06
578.6935,4.19E-06
579.1957,4.20E-06
579.6967,4.21E-06
580.1782,4.21E-06
580.6793,4.22E-06
581.1834,4.23E-06
581.6825,4.23E-06
582.1844,4.24E-06
582.6861,4.25E-06
583.1859,4.25E-06
583.6877,4.26E-06
584.1905,4.27E-06
584.6898,4.27E-06
585.2285,4.28E-06
585.7297,4.29E-06
586.2324,4.29E-06
586.7343,4.30E-06
587.2363,4.31E-06
587.7383,4.31E-06
588.2389,4.32E-06
588.7397,4.33E-06
589.2421,4.33E-06
589.7438,4.34E-06
590.2433,4.35E-06
590.7454,4.35E-06
591.2466,4.36E-06
591.7471,4.37E-06
592.2498,4.37E-06
592.7314,4.38E-06
593.2344,4.39E-06
593.7362,4.39E-06
594.2382,4.40E-06
594.7393,4.41E-06
595.2958,4.41E-06
595.7976,4.42E-06
596.2987,4.43E-06
596.7983,4.43E-06
597.2997,4.44E-06
597.7841,4.45E-06
598.2842,4.45E-06
598.7855,4.46E-06
599.2874,4.47E-06
599.7888,4.47E-06
600.2889,4.48E-06
600.7907,4.49E-06
601.2893,4.49E-06
601.7917,4.50E-06
602.2947,4.51E-06
602.7969,4.52E-06
603.2961,4.52E-06
603.7987,4.53E-06
604.2993,4.54E-06
604.801,4.54E-06
605.3409,4.55E-06
605.8417,4.56E-06
606.3423,4.56E-06
606.8449,4.57E-06
607.3472,4.58E-06
607.8489,4.59E-06
608.3494,4.59E-06
608.8507,4.60E-06
609.3504,4.61E-06
609.852,4.61E-06
610.3356,4.62E-06
610.837,4.63E-06
611.3362,4.63E-06
611.8366,4.64E-06
612.3402,4.65E-06
612.8395,4.66E-06
613.341,4.66E-06
613.8409,4.67E-06
614.3441,4.68E-06
614.8447,4.68E-06
615.4017,4.69E-06
615.8856,4.70E-06
616.3859,4.71E-06
616.8879,4.71E-06
617.3889,4.72E-06
617.8906,4.73E-06
618.3922,4.74E-06
618.8926,4.74E-06
619.3921,4.75E-06
619.8944,4.76E-06
620.3957,4.76E-06
620.8964,4.77E-06
621.3983,4.78E-06
621.9008,4.79E-06
622.3997,4.79E-06
622.9022,4.80E-06
623.3851,4.81E-06
623.886,4.82E-06
624.3882,4.82E-06
624.8893,4.83E-06
625.4462,4.84E-06
625.9468,4.85E-06
626.4499,4.85E-06
626.9504,4.86E-06
627.4515,4.87E-06
627.9537,4.88E-06
628.4361,4.88E-06
628.9363,4.89E-06
629.4373,4.90E-06
629.9393,4.91E-06
630.4383,4.91E-06
630.9411,4.92E-06
631.443,4.93E-06
631.944,4.94E-06
632.4477,4.94E-06
632.9482,4.95E-06
633.4473,4.96E-06
633.9465,4.97E-06
634.4475,4.98E-06
634.9513,4.98E-06
635.488,4.99E-06
635.9889,5.00E-06
636.491,5.01E-06
636.9941,5.02E-06
637.4941,5.02E-06
637.9957,5.03E-06
638.4951,5.04E-06
638.9976,5.05E-06
639.4977,5.06E-06
639.9968,5.06E-06
640.4994,5.07E-06
640.9839,5.08E-06
641.4861,5.09E-06
641.9865,5.10E-06
642.4872,5.11E-06
642.9844,5.11E-06
643.485,5.12E-06
643.9871,5.13E-06
644.4891,5.14E-06
644.9897,5.15E-06
645.5476,5.16E-06
646.0312,5.17E-06
646.5312,5.17E-06
647.0334,5.18E-06
647.5353,5.19E-06
648.0341,5.20E-06
648.5366,5.21E-06
649.0375,5.22E-06
649.5381,5.23E-06
650.0366,5.24E-06
545.7329,1.04E-05
550.5264,3.85E-06
551.0295,3.85E-06
551.5308,3.86E-06
552.0308,3.86E-06
552.5327,3.87E-06
553.0338,3.87E-06
553.5352,3.88E-06
554.0372,3.89E-06
554.5404,3.89E-06
555.077,3.90E-06
555.5774,3.90E-06
556.0797,3.91E-06
556.5818,3.92E-06
557.0817,3.92E-06
557.5823,3.93E-06
558.0841,3.93E-06
558.5872,3.94E-06
559.0878,3.95E-06
559.5875,3.95E-06
560.0901,3.96E-06
560.5939,3.96E-06
561.0937,3.97E-06
561.5956,3.98E-06
562.0956,3.98E-06
562.5779,3.99E-06
563.0779,3.99E-06
563.5794,4.00E-06
564.0834,4.01E-06
564.5838,4.01E-06
565.1412,4.02E-06
565.6432,4.03E-06
566.1444,4.03E-06
566.6463,4.04E-06
567.1446,4.04E-06
567.6271,4.05E-06
568.1264,4.06E-06
568.6291,4.06E-06
569.1297,4.07E-06
569.6321,4.07E-06
570.1345,4.08E-06
570.6337,4.09E-06
571.1365,4.09E-06
571.6367,4.10E-06
572.1389,4.11E-06
572.6399,4.11E-06
573.1403,4.12E-06
573.643,4.12E-06
574.1452,4.13E-06
574.6437,4.14E-06
575.1829,4.14E-06
575.6856,4.15E-06
576.186,4.16E-06
576.6865,4.16E-06
577.1891,4.17E-06
577.6912,4.18E-06
578.1923,4.18E-06
578.6935,4.19E-06
579.1954,4.19E-06
579.6967,4.20E-06
580.1789,4.21E-06
580.6812,4.21E-06
581.1805,4.22E-06
581.6822,4.23E-06
582.184,4.23E-06
582.6866,4.24E-06
583.1869,4.25E-06
583.6881,4.25E-06
584.1904,4.26E-06
584.6906,4.27E-06
585.23,4.27E-06
585.7302,4.28E-06
586.2345,4.29E-06
586.7363,4.29E-06
587.2373,4.30E-06
587.7376,4.30E-06
588.2394,4.31E-06
588.741,4.32E-06
589.2428,4.32E-06
589.7435,4.33E-06
590.2443,4.34E-06
590.7436,4.34E-06
591.2479,4.35E-06
591.7501,4.36E-06
592.2493,4.36E-06
592.7316,4.37E-06
593.2336,4.38E-06
593.7368,4.38E-06
594.2366,4.39E-06
594.7387,4.40E-06
595.2954,4.40E-06
595.7961,4.41E-06
596.2981,4.42E-06
596.7986,4.42E-06
597.3007,4.43E-06
597.7839,4.44E-06
598.2844,4.44E-06
598.7853,4.45E-06
599.2882,4.46E-06
599.7902,4.46E-06
600.2896,4.47E-06
600.7909,4.48E-06
601.2914,4.48E-06
601.7947,4.49E-06
602.2947,4.50E-06
602.796,4.50E-06
603.2983,4.51E-06
603.8,4.52E-06
604.3005,4.53E-06
604.8029,4.53E-06
605.3417,4.54E-06
605.8414,4.55E-06
606.3437,4.55E-06
606.8458,4.56E-06
607.3472,4.57E-06
607.8486,4.57E-06
608.3494,4.58E-06
608.8506,4.59E-06
609.3528,4.59E-06
609.851,4.60E-06
610.3356,4.61E-06
610.8368,4.62E-06
611.3379,4.62E-06
611.837,4.63E-06
612.3389,4.64E-06
612.8407,4.64E-06
613.3435,4.65E-06
613.843,4.66E-06
614.3453,4.66E-06
614.8448,4.67E-06
615.4016,4.68E-06
615.8853,4.69E-06
616.3871,4.69E-06
616.8898,4.70E-06
617.3881,4.71E-06
617.8908,4.72E-06
618.3937,4.72E-06
618.8913,4.73E-06
619.3943,4.74E-06
619.8973,4.74E-06
620.3949,4.75E-06
620.8979,4.76E-06
621.3998,4.77E-06
621.9,4.77E-06
622.4008,4.78E-06
622.903,4.79E-06
623.3866,4.79E-06
623.8868,4.80E-06
624.3871,4.81E-06
624.8883,4.82E-06
625.4471,4.82E-06
625.9479,4.83E-06
626.45,4.84E-06
626.9506,4.85E-06
627.4532,4.85E-06
627.9543,4.86E-06
628.4342,4.87E-06
628.9372,4.88E-06
629.4377,4.88E-06
629.9391,4.89E-06
630.44,4.90E-06
630.9415,4.91E-06
631.4417,4.91E-06
631.9437,4.92E-06
632.4464,4.93E-06
632.9471,4.94E-06
633.4477,4.94E-06
633.9496,4.95E-06
634.4496,4.96E-06
634.953,4.97E-06
635.4891,4.98E-06
635.9911,4.98E-06
636.4941,4.99E-06
636.992,5.00E-06
637.4935,5.01E-06
637.9948,5.02E-06
638.496,5.02E-06
638.9968,5.03E-06
639.4993,5.04E-06
639.9984,5.05E-06
640.5005,5.06E-06
640.9854,5.06E-06
641.4857,5.07E-06
641.9874,5.08E-06
642.4886,5.09E-06
642.9843,5.10E-06
643.4866,5.10E-06
643.9889,5.11E-06
644.4897,5.12E-06
644.9891,5.13E-06
645.5463,5.14E-06
646.0303,5.15E-06
646.53,5.16E-06
647.0324,5.17E-06
647.5347,5.17E-06
648.0346,5.18E-06
648.5361,5.19E-06
649.0366,5.20E-06
649.5391,5.21E-06
650.0407,5.22E-06
546.0851,1.04E-05
550.5272,3.77E-06
551.0277,3.77E-06
551.5295,3.77E-06
552.0311,3.78E-06
552.533,3.79E-06
553.032,3.79E-06
553.5359,3.80E-06
554.0347,3.80E-06
554.5369,3.81E-06
555.0761,3.81E-06
555.5767,3.82E-06
556.0776,3.83E-06
556.5807,3.83E-06
557.0803,3.84E-06
557.5811,3.84E-06
558.0843,3.85E-06
558.5847,3.86E-06
559.0862,3.86E-06
559.5887,3.87E-06
560.09,3.87E-06
560.5916,3.88E-06
561.092,3.89E-06
561.5942,3.89E-06
562.095,3.90E-06
562.5778,3.90E-06
563.0789,3.91E-06
563.5802,3.92E-06
564.0819,3.92E-06
564.5834,3.93E-06
565.1402,3.94E-06
565.6414,3.94E-06
566.1414,3.95E-06
566.6461,3.95E-06
567.1423,3.96E-06
567.6244,3.97E-06
568.1263,3.97E-06
568.6281,3.98E-06
569.1298,3.98E-06
569.632,3.99E-06
570.1318,4.00E-06
570.6351,4.00E-06
571.136,4.01E-06
571.6345,4.01E-06
572.138,4.02E-06
572.6387,4.03E-06
573.1407,4.03E-06
573.6422,4.04E-06
574.1428,4.05E-06
574.6453,4.05E-06
575.1818,4.06E-06
575.6841,4.07E-06
576.1862,4.07E-06
576.6862,4.08E-06
577.188,4.08E-06
577.6901,4.09E-06
578.1906,4.10E-06
578.6924,4.10E-06
579.1962,4.11E-06
579.6955,4.12E-06
580.1784,4.12E-06
580.68,4.13E-06
581.1807,4.13E-06
581.6836,4.14E-06
582.1837,4.15E-06
582.685,4.15E-06
583.1859,4.16E-06
583.688,4.17E-06
584.1878,4.17E-06
584.6908,4.18E-06
585.2305,4.19E-06
585.7326,4.19E-06
586.2327,4.20E-06
586.7352,4.21E-06
587.2374,4.21E-06
587.7386,4.22E-06
588.239,4.22E-06
588.7407,4.23E-06
589.2435,4.24E-06
589.7445,4.24E-06
590.2437,4.25E-06
590.7444,4.26E-06
591.2458,4.26E-06
591.7491,4.27E-06
592.2493,4.28E-06
592.734,4.28E-06
593.2359,4.29E-06
593.7367,4.30E-06
594.2366,4.30E-06
594.7385,4.31E-06
595.2955,4.32E-06
595.7974,4.32E-06
596.2997,4.33E-06
596.8011,4.34E-06
597.3005,4.34E-06
597.7839,4.35E-06
598.2849,4.36E-06
598.7878,4.36E-06
599.2886,4.37E-06
599.7896,4.38E-06
600.289,4.38E-06
600.7924,4.39E-06
601.2939,4.40E-06
601.7935,4.40E-06
602.296,4.41E-06
602.7975,4.42E-06
603.2996,4.42E-06
603.8004,4.43E-06
604.3016,4.44E-06
604.8017,4.44E-06
605.3405,4.45E-06
605.843,4.46E-06
606.3442,4.46E-06
606.8453,4.47E-06
607.3447,4.48E-06
607.8476,4.48E-06
608.3496,4.49E-06
608.851,4.50E-06
609.354,4.50E-06
609.8534,4.51E-06
610.3352,4.52E-06
610.8361,4.53E-06
611.3373,4.53E-06
611.8391,4.54E-06
612.3407,4.55E-06
612.8395,4.55E-06
613.343,4.56E-06
613.8439,4.57E-06
614.3456,4.57E-06
614.8467,4.58E-06
615.4031,4.59E-06
615.886,4.60E-06
616.3877,4.60E-06
616.888,4.61E-06
617.39,4.62E-06
617.8914,4.62E-06
618.3918,4.63E-06
618.8926,4.64E-06
619.3938,4.64E-06
619.8947,4.65E-06
620.3981,4.66E-06
620.8984,4.67E-06
621.3981,4.67E-06
621.9002,4.68E-06
622.4008,4.69E-06
622.9036,4.69E-06
623.3862,4.70E-06
623.8853,4.71E-06
624.3881,4.72E-06
624.8889,4.72E-06
625.445,4.73E-06
625.9483,4.74E-06
626.4481,4.75E-06
626.9503,4.75E-06
627.4514,4.76E-06
627.9541,4.77E-06
628.4343,4.78E-06
628.9357,4.78E-06
629.436,4.79E-06
629.9391,4.80E-06
630.4413,4.81E-06
630.9412,4.81E-06
631.4413,4.82E-06
631.9434,4.83E-06
632.4465,4.84E-06
632.9461,4.84E-06
633.447,4.85E-06
633.947,4.86E-06
634.4485,4.87E-06
634.951,4.87E-06
635.4892,4.88E-06
635.9915,4.89E-06
636.4925,4.90E-06
636.9957,4.90E-06
637.4941,4.91E-06
637.9957,4.92E-06
638.4954,4.93E-06
638.9983,4.94E-06
639.4968,4.94E-06
639.9992,4.95E-06
640.4999,4.96E-06
640.9823,4.97E-06
641.4834,4.98E-06
641.9867,4.98E-06
642.4865,4.99E-06
642.9832,5.00E-06
643.485,5.01E-06
643.9875,5.02E-06
644.488,5.02E-06
644.9905,5.03E-06
645.549,5.04E-06
646.0299,5.05E-06
646.53,5.06E-06
647.0313,5.07E-06
647.5339,5.07E-06
648.0346,5.08E-06
648.5359,5.09E-06
649.0366,5.10E-06
649.5384,5.11E-06
650.0383,5.12E-06
546.4291,1.04E-05
550.5258,3.68E-06
551.0283,3.69E-06
551.53,3.69E-06
552.0332,3.70E-06
552.534,3.70E-06
553.0335,3.71E-06
553.5359,3.71E-06
554.0369,3.72E-06
554.5372,3.72E-06
555.0765,3.73E-06
555.5786,3.74E-06
556.0795,3.74E-06
556.5801,3.75E-06
557.0817,3.75E-06
557.5825,3.76E-06
558.0832,3.77E-06
558.5862,3.77E-06
559.0886,3.78E-06
559.588,3.78E-06
560.092,3.79E-06
560.593,3.79E-06
561.093,3.80E-06
561.5952,3.81E-06
562.095,3.81E-06
562.5779,3.82E-06
563.0811,3.82E-06
563.5808,3.83E-06
564.082,3.84E-06
564.5846,3.84E-06
565.142,3.85E-06
565.6426,3.85E-06
566.1438,3.86E-06
566.6469,3.87E-06
567.1445,3.87E-06
567.6267,3.88E-06
568.1268,3.88E-06
568.6282,3.89E-06
569.1306,3.90E-06
569.632,3.90E-06
570.1339,3.91E-06
570.6337,3.91E-06
571.137,3.92E-06
571.6376,3.93E-06
572.1385,3.93E-06
572.64,3.94E-06
573.1411,3.94E-06
573.6425,3.95E-06
574.1445,3.96E-06
574.6443,3.96E-06
575.1821,3.97E-06
575.6864,3.98E-06
576.1879,3.98E-06
576.6868,3.99E-06
577.1895,3.99E-06
577.6901,4.00E-06
578.1915,4.01E-06
578.6932,4.01E-06
579.195,4.02E-06
579.6965,4.03E-06
580.1795,4.03E-06
580.681,4.04E-06
581.1821,4.04E-06
581.6806,4.05E-06
582.1821,4.06E-06
582.6849,4.06E-06
583.186,4.07E-06
583.6874,4.07E-06
584.1893,4.08E-06
584.6908,4.09E-06
585.2297,4.09E-06
585.7307,4.10E-06
586.2341,4.11E-06
586.734,4.11E-06
587.2351,4.12E-06
587.7375,4.13E-06
588.2386,4.13E-06
588.7413,4.14E-06
589.2429,4.14E-06
589.7437,4.15E-06
590.2452,4.16E-06
590.7456,4.16E-06
591.2468,4.17E-06
591.7467,4.18E-06
592.2482,4.18E-06
592.7328,4.19E-06
593.2349,4.20E-06
593.7383,4.20E-06
594.2388,4.21E-06
594.7374,4.21E-06
595.295,4.22E-06
595.7968,4.23E-06
596.299,4.23E-06
596.8013,4.24E-06
597.3018,4.25E-06
597.7842,4.25E-06
598.286,4.26E-06
598.7874,4.27E-06
599.2891,4.27E-06
599.7902,4.28E-06
600.2892,4.29E-06
600.7932,4.29E-06
601.2932,4.30E-06
601.7957,4.31E-06
602.296,4.31E-06
602.799,4.32E-06
603.2989,4.33E-06
603.8003,4.33E-06
604.3016,4.34E-06
604.8023,4.35E-06
605.3411,4.35E-06
605.8434,4.36E-06
606.3455,4.37E-06
606.8437,4.37E-06
607.3465,4.38E-06
607.8478,4.39E-06
608.3492,4.39E-06
608.8508,4.40E-06
609.3513,4.41E-06
609.8541,4.41E-06
610.3358,4.42E-06
610.834,4.43E-06
611.3364,4.43E-06
611.839,4.44E-06
612.3412,4.45E-06
612.8426,4.45E-06
613.3425,4.46E-06
613.845,4.47E-06
614.3455,4.47E-06
614.8467,4.48E-06
615.4042,4.49E-06
615.885,4.50E-06
616.3883,4.50E-06
616.8882,4.51E-06
617.3909,4.52E-06
617.893,4.52E-06
618.3929,4.53E-06
618.8936,4.54E-06
619.3935,4.54E-06
619.8945,4.55E-06
620.3948,4.56E-06
620.8969,4.57E-06
621.3986,4.57E-06
621.9005,4.58E-06
622.4008,4.59E-06
622.9021,4.59E-06
623.3869,4.60E-06
623.8869,4.61E-06
624.3867,4.61E-06
624.89,4.62E-06
625.4474,4.63E-06
625.948,4.64E-06
626.45,4.64E-06
626.9525,4.65E-06
627.4523,4.66E-06
627.9536,4.67E-06
628.4363,4.67E-06
628.9371,4.68E-06
629.4376,4.69E-06
629.9399,4.69E-06
630.4409,4.70E-06
630.9431,4.71E-06
631.4445,4.72E-06
631.9431,4.72E-06
632.4455,4.73E-06
632.9475,4.74E-06
633.4485,4.75E-06
633.9486,4.75E-06
634.4506,4.76E-06
634.9509,4.77E-06
635.4886,4.78E-06
635.9904,4.78E-06
636.491,4.79E-06
636.9935,4.80E-06
637.4956,4.81E-06
637.996,4.81E-06
638.4977,4.82E-06
638.9968,4.83E-06
639.4985,4.84E-06
639.9996,4.85E-06
640.4999,4.85E-06
640.9838,4.86E-06
641.4854,4.87E-06
641.9869,4.88E-06
642.4882,4.88E-06
642.984,4.89E-06
643.4864,4.90E-06
643.988,4.91E-06
644.4897,4.92E-06
644.9905,4.92E-06
645.5471,4.93E-06
646.0302,4.94E-06
646.5319,4.95E-06
647.0331,4.96E-06
647.5356,4.97E-06
648.0355,4.98E-06
648.5351,4.98E-06
649.0364,4.99E-06
649.5376,5.00E-06
650.0386,5.01E-06
546.4833,1.04E-05
550.5289,3.65E-06
551.0289,3.66E-06
551.5306,3.66E-06
552.0333,3.66E-06
552.5344,3.67E-06
553.0343,3.68E-06
553.5364,3.68E-06
554.0371,3.69E-06
554.5393,3.69E-06
555.0771,3.70E-06
555.5778,3.70E-06
556.0782,3.71E-06
556.5808,3.71E-06
557.0838,3.72E-06
557.5826,3.73E-06
558.0842,3.73E-06
558.5864,3.74E-06
559.0881,3.74E-06
559.5901,3.75E-06
560.0921,3.76E-06
560.5936,3.76E-06
561.0945,3.77E-06
561.5945,3.77E-06
562.0956,3.78E-06
562.5776,3.78E-06
563.0791,3.79E-06
563.5821,3.80E-06
564.0844,3.80E-06
564.584,3.81E-06
565.1404,3.81E-06
565.6431,3.82E-06
566.1442,3.83E-06
566.6481,3.83E-06
567.1432,3.84E-06
567.6263,3.84E-06
568.1276,3.85E-06
568.6288,3.86E-06
569.131,3.86E-06
569.6313,3.87E-06
570.133,3.87E-06
570.6343,3.88E-06
571.1366,3.89E-06
571.6389,3.89E-06
572.1393,3.90E-06
572.6397,3.90E-06
573.1401,3.91E-06
573.6417,3.92E-06
574.1432,3.92E-06
574.6459,3.93E-06
575.1856,3.93E-06
575.6858,3.94E-06
576.1878,3.95E-06
576.687,3.95E-06
577.1902,3.96E-06
577.6909,3.96E-06
578.1923,3.97E-06
578.6937,3.98E-06
579.1951,3.98E-06
579.6948,3.99E-06
580.1787,3.99E-06
580.6808,4.00E-06
581.1826,4.01E-06
581.684,4.01E-06
582.1848,4.02E-06
582.6857,4.03E-06
583.1858,4.03E-06
583.6909,4.04E-06
584.1892,4.04E-06
584.6917,4.05E-06
585.23,4.06E-06
585.7299,4.06E-06
586.2337,4.07E-06
586.7357,4.08E-06
587.2368,4.08E-06
587.739,4.09E-06
588.2381,4.09E-06
588.7397,4.10E-06
589.243,4.11E-06
589.7443,4.11E-06
590.2451,4.12E-06
590.7466,4.13E-06
591.2458,4.13E-06
591.7485,4.14E-06
592.2506,4.14E-06
592.7327,4.15E-06
593.2347,4.16E-06
593.7358,4.16E-06
594.2372,4.17E-06
594.7379,4.18E-06
595.2929,4.18E-06
595.7966,4.19E-06
596.2972,4.20E-06
596.7996,4.20E-06
597.2991,4.21E-06
597.7833,4.21E-06
598.2856,4.22E-06
598.7869,4.23E-06
599.2896,4.23E-06
599.79,4.24E-06
600.2896,4.25E-06
600.7913,4.25E-06
601.293,4.26E-06
601.7949,4.27E-06
602.2969,4.27E-06
602.7986,4.28E-06
603.2982,4.29E-06
603.7992,4.29E-06
604.3016,4.30E-06
604.8024,4.31E-06
605.3403,4.31E-06
605.8446,4.32E-06
606.3434,4.33E-06
606.8469,4.33E-06
607.3456,4.34E-06
607.8483,4.35E-06
608.3492,4.35E-06
608.8495,4.36E-06
609.3525,4.37E-06
609.8525,4.37E-06
610.3356,4.38E-06
610.8365,4.39E-06
611.3387,4.39E-06
611.8389,4.40E-06
612.3387,4.41E-06
612.8411,4.41E-06
613.3423,4.42E-06
613.8418,4.43E-06
614.3466,4.43E-06
614.8477,4.44E-06
615.4028,4.45E-06
615.8852,4.45E-06
616.3864,4.46E-06
616.8894,4.47E-06
617.3917,4.47E-06
617.8898,4.48E-06
618.3926,4.49E-06
618.8929,4.49E-06
619.3947,4.50E-06
619.896,4.51E-06
620.3967,4.51E-06
620.8978,4.52E-06
621.3973,4.53E-06
621.9005,4.54E-06
622.4013,4.54E-06
622.9042,4.55E-06
623.3853,4.56E-06
623.8853,4.56E-06
624.3893,4.57E-06
624.8901,4.58E-06
625.4459,4.58E-06
625.9467,4.59E-06
626.4521,4.60E-06
626.9512,4.61E-06
627.4527,4.61E-06
627.9529,4.62E-06
628.4352,4.63E-06
628.9359,4.63E-06
629.4374,4.64E-06
629.9396,4.65E-06
630.4397,4.66E-06
630.9398,4.66E-06
631.4429,4.67E-06
631.9462,4.68E-06
632.4454,4.69E-06
632.9456,4.69E-06
633.4466,4.70E-06
633.9478,4.71E-06
634.4506,4.72E-06
634.9523,4.72E-06
635.4908,4.73E-06
635.9922,4.74E-06
636.4929,4.75E-06
636.9957,4.75E-06
637.4966,4.76E-06
637.9958,4.77E-06
638.4971,4.78E-06
638.9991,4.78E-06
639.4973,4.79E-06
640.0005,4.80E-06
640.5021,4.81E-06
640.9844,4.81E-06
641.4839,4.82E-06
641.987,4.83E-06
642.4866,4.84E-06
642.983,4.85E-06
643.4866,4.85E-06
643.9882,4.86E-06
644.4899,4.87E-06
644.9904,4.88E-06
645.5463,4.89E-06
646.0303,4.90E-06
646.5316,4.90E-06
647.0328,4.91E-06
647.5334,4.92E-06
648.0347,4.93E-06
648.5372,4.94E-06
649.0375,4.95E-06
649.5403,4.96E-06
650.0383,4.97E-06
546.1083,1.04E-05
550.5282,3.79E-06
551.0293,3.80E-06
551.5315,3.80E-06
552.0326,3.81E-06
552.5343,3.81E-06
553.0338,3.82E-06
553.5363,3.82E-06
554.0372,3.83E-06
554.5384,3.83E-06
555.0772,3.84E-06
555.5782,3.85E-06
556.0806,3.85E-06
556.5797,3.86E-06
557.0831,3.86E-06
557.584,3.87E-06
558.0847,3.88E-06
558.586,3.88E-06
559.0867,3.89E-06
559.5893,3.89E-06
560.0916,3.90E-06
560.5919,3.90E-06
561.0948,3.91E-06
561.5975,3.92E-06
562.0961,3.92E-06
562.5784,3.93E-06
563.0812,3.93E-06
563.5823,3.94E-06
564.0838,3.95E-06
564.5869,3.95E-06
565.1412,3.96E-06
565.6429,3.97E-06
566.1445,3.97E-06
566.6455,3.98E-06
567.144,3.98E-06
567.6255,3.99E-06
568.127,4.00E-06
568.6287,4.00E-06
569.1292,4.01E-06
569.6315,4.01E-06
570.1339,4.02E-06
570.6355,4.03E-06
571.137,4.03E-06
571.6387,4.04E-06
572.139,4.04E-06
572.6403,4.05E-06
573.1431,4.06E-06
573.644,4.06E-06
574.1443,4.07E-06
574.6448,4.08E-06
575.1854,4.08E-06
575.6849,4.09E-06
576.1879,4.10E-06
576.6877,4.10E-06
577.1907,4.11E-06
577.6906,4.11E-06
578.1919,4.12E-06
578.6942,4.13E-06
579.1956,4.13E-06
579.6964,4.14E-06
580.1812,4.14E-06
580.6814,4.15E-06
581.1826,4.16E-06
581.6817,4.16E-06
582.1841,4.17E-06
582.6867,4.18E-06
583.1874,4.18E-06
583.6882,4.19E-06
584.19,4.20E-06
584.6912,4.20E-06
585.2291,4.21E-06
585.7307,4.22E-06
586.2338,4.22E-06
586.7346,4.23E-06
587.2372,4.23E-06
587.739,4.24E-06
588.24,4.25E-06
588.7417,4.25E-06
589.2423,4.26E-06
589.7446,4.27E-06
590.2454,4.27E-06
590.7461,4.28E-06
591.2482,4.29E-06
591.7488,4.29E-06
592.2509,4.30E-06
592.733,4.31E-06
593.2354,4.31E-06
593.7357,4.32E-06
594.2387,4.33E-06
594.7397,4.33E-06
595.2949,4.34E-06
595.799,4.35E-06
596.2986,4.35E-06
596.7996,4.36E-06
597.3017,4.37E-06
597.7838,4.37E-06
598.2859,4.38E-06
598.7872,4.39E-06
599.2873,4.39E-06
599.7893,4.40E-06
600.2891,4.41E-06
600.7921,4.41E-06
601.2921,4.42E-06
601.7952,4.43E-06
602.297,4.43E-06
602.7958,4.44E-06
603.2977,4.45E-06
603.8021,4.45E-06
604.3017,4.46E-06
604.8019,4.47E-06
605.3417,4.47E-06
605.8437,4.48E-06
606.3443,4.49E-06
606.8437,4.49E-06
607.3482,4.50E-06
607.8489,4.51E-06
608.3491,4.51E-06
608.8504,4.52E-06
609.351,4.53E-06
609.8533,4.53E-06
610.3339,4.54E-06
610.837,4.55E-06
611.3357,4.55E-06
611.8382,4.56E-06
612.3412,4.57E-06
612.8423,4.58E-06
613.343,4.58E-06
613.846,4.59E-06
614.346,4.60E-06
614.8478,4.60E-06
615.4047,4.61E-06
615.8865,4.62E-06
616.3881,4.62E-06
616.8888,4.63E-06
617.3911,4.64E-06
617.8918,4.65E-06
618.3933,4.65E-06
618.8932,4.66E-06
619.3949,4.67E-06
619.897,4.67E-06
620.3968,4.68E-06
620.8968,4.69E-06
621.3989,4.70E-06
621.9016,4.70E-06
622.4012,4.71E-06
622.9044,4.72E-06
623.387,4.72E-06
623.8871,4.73E-06
624.3903,4.74E-06
624.8892,4.75E-06
625.4463,4.75E-06
625.9492,4.76E-06
626.451,4.77E-06
626.951,4.77E-06
627.4527,4.78E-06
627.9519,4.79E-06
628.4371,4.80E-06
628.9374,4.80E-06
629.4387,4.81E-06
629.9408,4.82E-06
630.4406,4.83E-06
630.94,4.83E-06
631.4449,4.84E-06
631.9448,4.85E-06
632.4454,4.86E-06
632.9476,4.86E-06
633.4468,4.87E-06
633.948,4.88E-06
634.4504,4.89E-06
634.9525,4.89E-06
635.4911,4.90E-06
635.994,4.91E-06
636.494,4.92E-06
636.9953,4.93E-06
637.4947,4.93E-06
637.9976,4.94E-06
638.4954,4.95E-06
638.9983,4.96E-06
639.5003,4.96E-06
640.0018,4.97E-06
640.5017,4.98E-06
640.9872,4.99E-06
641.4866,5.00E-06
641.9863,5.00E-06
642.4874,5.01E-06
642.9854,5.02E-06
643.4864,5.03E-06
643.9886,5.04E-06
644.4911,5.05E-06
644.9912,5.05E-06
645.5489,5.06E-06
646.0323,5.07E-06
646.5305,5.08E-06
647.0339,5.09E-06
647.5353,5.10E-06
648.0351,5.11E-06
648.5361,5.11E-06
649.0379,5.12E-06
649.5386,5.13E-06
650.0408,5.14E-06
545.832,1.04E-05
550.5282,3.86E-06
551.0308,3.86E-06
551.5306,3.87E-06
552.033,3.87E-06
552.5348,3.88E-06
553.0349,3.88E-06
553.5362,3.89E-06
554.0373,3.89E-06
554.5375,3.90E-06
555.0761,3.91E-06
555.5786,3.91E-06
556.0804,3.92E-06
556.5805,3.92E-06
557.0832,3.93E-06
557.5829,3.93E-06
558.0851,3.94E-06
558.5886,3.95E-06
559.0853,3.95E-06
559.5911,3.96E-06
560.0922,3.96E-06
560.5927,3.97E-06
561.0925,3.98E-06
561.5941,3.98E-06
562.0961,3.99E-06
562.5797,4.00E-06
563.08,4.00E-06
563.5811,4.01E-06
564.0833,4.01E-06
564.5842,4.02E-06
565.1407,4.03E-06
565.6436,4.03E-06
566.1442,4.04E-06
566.6449,4.04E-06
567.1435,4.05E-06
567.6262,4.06E-06
568.1269,4.06E-06
568.629,4.07E-06
569.1298,4.08E-06
569.6322,4.08E-06
570.133,4.09E-06
570.6353,4.09E-06
571.1368,4.10E-06
571.6378,4.11E-06
572.1397,4.11E-06
572.6408,4.12E-06
573.139,4.12E-06
573.6409,4.13E-06
574.1448,4.14E-06
574.6452,4.14E-06
575.1851,4.15E-06
575.686,4.16E-06
576.1857,4.16E-06
576.686,4.17E-06
577.189,4.18E-06
577.6914,4.18E-06
578.1909,4.19E-06
578.6934,4.19E-06
579.1956,4.20E-06
579.6965,4.21E-06
580.1783,4.21E-06
580.6791,4.22E-06
581.1819,4.23E-06
581.6807,4.23E-06
582.1827,4.24E-06
582.6857,4.25E-06
583.1857,4.25E-06
583.6892,4.26E-06
584.1913,4.26E-06
584.6915,4.27E-06
585.2276,4.28E-06
585.7317,4.28E-06
586.2325,4.29E-06
586.7348,4.30E-06
587.2365,4.30E-06
587.7385,4.31E-06
588.2383,4.32E-06
588.7405,4.32E-06
589.2424,4.33E-06
589.7432,4.34E-06
590.2441,4.34E-06
590.7449,4.35E-06
591.2463,4.36E-06
591.7482,4.36E-06
592.2514,4.37E-06
592.7322,4.38E-06
593.2327,4.38E-06
593.7354,4.39E-06
594.2369,4.40E-06
594.7381,4.40E-06
595.2935,4.41E-06
595.7964,4.42E-06
596.2981,4.42E-06
596.7996,4.43E-06
597.3001,4.44E-06
597.782,4.44E-06
598.2841,4.45E-06
598.7877,4.46E-06
599.2881,4.46E-06
599.7881,4.47E-06
600.2904,4.48E-06
600.7916,4.48E-06
601.2909,4.49E-06
601.7928,4.50E-06
602.2962,4.50E-06
602.7954,4.51E-06
603.298,4.52E-06
603.8008,4.52E-06
604.3022,4.53E-06
604.8021,4.54E-06
605.3397,4.54E-06
605.8431,4.55E-06
606.3422,4.56E-06
606.8461,4.57E-06
607.3467,4.57E-06
607.8483,4.58E-06
608.3492,4.59E-06
608.851,4.59E-06
609.3522,4.60E-06
609.8517,4.61E-06
610.3347,4.61E-06
610.8372,4.62E-06
611.338,4.63E-06
611.8376,4.63E-06
612.3406,4.64E-06
612.84,4.65E-06
613.3441,4.66E-06
613.8442,4.66E-06
614.3442,4.67E-06
614.8456,4.68E-06
615.403,4.68E-06
615.8867,4.69E-06
616.3862,4.70E-06
616.8884,4.71E-06
617.3909,4.71E-06
617.8906,4.72E-06
618.3941,4.73E-06
618.8942,4.73E-06
619.3939,4.74E-06
619.8956,4.75E-06
620.3962,4.76E-06
620.8979,4.76E-06
621.3988,4.77E-06
621.9,4.78E-06
622.4011,4.78E-06
622.9033,4.79E-06
623.3856,4.80E-06
623.8868,4.81E-06
624.388,4.81E-06
624.8913,4.82E-06
625.4455,4.83E-06
625.9478,4.84E-06
626.451,4.84E-06
626.9525,4.85E-06
627.4519,4.86E-06
627.9543,4.87E-06
628.4366,4.87E-06
628.9366,4.88E-06
629.4383,4.89E-06
629.9408,4.90E-06
630.4418,4.90E-06
630.9412,4.91E-06
631.4442,4.92E-06
631.9442,4.93E-06
632.4446,4.93E-06
632.9464,4.94E-06
633.4491,4.95E-06
633.9487,4.96E-06
634.4504,4.96E-06
634.9511,4.97E-06
635.4888,4.98E-06
635.9899,4.99E-06
636.4958,5.00E-06
636.9938,5.00E-06
637.4963,5.01E-06
637.9958,5.02E-06
638.4953,5.03E-06
638.9976,5.04E-06
639.4995,5.04E-06
640,5.05E-06
640.5024,5.06E-06
640.9837,5.07E-06
641.4847,5.08E-06
641.9868,5.08E-06
642.4884,5.09E-06
642.9863,5.10E-06
643.4868,5.11E-06
643.9893,5.12E-06
644.4894,5.13E-06
644.9904,5.13E-06
645.5475,5.14E-06
646.0319,5.15E-06
646.5308,5.16E-06
647.0332,5.17E-06
647.5336,5.18E-06
648.0353,5.19E-06
648.5372,5.20E-06
649.0375,5.20E-06
649.5386,5.21E-06
650.0415,5.22E-06
